id,Unternehmen,Branche,Messe DEG,Messe ECRI,Praktika ECRI,"Projekte X Gastvort. (X)",BA-/MA-Thesis,Kontakt / eigene Suche,Standorte,Gesuchte Fachbereiche und Studiengänge,MA,Kontaktperson,Adresse,Telefon,EMail,Webseite,Erreichbarkeit,Duales Studium,Auslandseinsatz
1,4process AG,IT,X,,,,,,Passau; Deggendorf; Klosterneuburg (AT),Informatik; Betriebswirtschaft,140,Human Resources - Emina Sejdic,Dr.-Emil-Brichta-Str. 3a; 94036 Passau,+49 851 490610,karriere@4process.de,www.4process.de,Sehr gute Erreichbarkeit,Ja,Ja
2,59engineers GmbH,IT / Software,,,X,,,,München,Health Informatics,,Ramona von Wallhoffen,Balanstraße 59; 81541 München,+49 8752 866814,ramona.wallhoffen@centum-amm.com,www.59engineers.com,,,
3,"ABC Vermögensverwaltung GmbH - Vital Camp Bayerbach",Hotellerie / Gastronomie,,X,,,,,Bayerbach,International Tourism Management; Business Admin & Service Management,,Bianka Hallhuber,Huckenham 11; 94137 Bayerbach,+49 8532-9278070,marketing@vitalcamping-bayerbach.de,www.vitalcamping-bayerbach.de,,Nein,Nein
4,actago GmbH,Beratung / Consulting,X,,,,,,Landau an der Isar,Health Informatics; Künstliche Intelligenz; Betriebswirtschaft; International Tourism Management,70,Personalabteilung - Anna-Lena Zwerenz,Weidenstr. 66; 94405 Landau a.d. Isar,+49 9951 9999061,karriere@actago.de,actago.de,Gute Erreichbarkeit,Ja,Ja
5,ADLink Technology GmbH - Healthcare Business Center,IT / Embedded Computing,,,X,,,,Deggendorf,Industrial Engineering,,,Ulrichsbergerstraße 17; 94469 Deggendorf,+49-991-29094-10,info.deg@adlinktech.com,https://www.adlinktech.com,,,
6,Agentur für Arbeit,Öffentlicher Dienst,X,,,,,,Pfarrkirchen; Landshut; Deggendorf; Straubing,Public Management,139,Zentrales Personalmarketing - Verena Schrammel,Hindenburgstr. 32-34; 94469 Deggendorf,+49 911 1796277,deggendorf.pressemarketing@arbeitsagentur.de,arbeitsagentur.de/vor-ort/deggendorf,Gute Erreichbarkeit,Ja,Nein
7,AKE technologies GmbH,Automatisierungstechnik,,X,,,,,Passau,Industrial Engineering; Energy Systems Engineering; Health Informatics; Elektro- und Informationstechnik,,,Adolf-Höllinger-Straße 3; 94034 Passau,+49 851 955840,info@ake-technologies.de,www.ake-technologies.de,,,
8,alpetour Touristische GmbH,Touristik,X,,,,,,Starnberg,International Tourism Management; Betriebswirtschaft,130,HR - Jan Sarter,Josef-Jägerhuber-Str. 6; 82319 Starnberg,+49 8151 775320,j.sarter@alpetour.de,alpetour-touristik.de,Sehr gute Erreichbarkeit,Nein,Ja
9,Altruan GmbH,Hygienegroßhandel / Immobilien GmbH ,,,X,,,,Massing,Health Informatics,75,Johanes Radl,Morolding 6 ; 84323 Massing,,karriere@altruan.de,www.altruan.de,,,
10,Ameos Klinikum Inntal ,Gesundheitswesen / Psychosomatik,,,,,,X,Simbach am Inn; international,Global Public Health; Health Informatics,,Walter Unterhuber,Jakob-Weindler-Straße 1; 84359 Simbach am Inn,+49 8571 9850,walter.unterhuber@ameos.de,www.ameos.eu,,,
11,AnBau GmbH,Bauingenieurwesen,,,,(X),,,Lindau,Building Products & Processes,,,Giebelbachstraße 18; 88131 Lindau,+49 8382 409796,info@anbau.info,www.anbau.info,,,
12,Andreas Dierl Bauunternehmen,Bau / Bauwesen,,,,,,X,Pfarrkirchen,Building Products & Processes,,,Haberbach 7; 84347 Pfarrkirchen,+49 8561 911485,info@dierl-bau.de,www.dierl-bau.de,,,
13,AOK Bayern - Direktion Passau-Rottal-Inn,Krankenversicherung,,X,,,,,Pfarrkirchen; deutschlandweit,Betriebswirtschaft; Public Management; Health Informatics; Global Public Health,11000,Julia Zauner,Schäfflerstraße 16; 84347 Pfarrkirchen,+49 8561 230,"julia.zauner@by.aok.de christiane.niedermeier@by.aok.de",www.aok.de/karriere,,Ja,
14,Apfelböck Ingenieurbüro GmbH,Ingenieurbüro,X,,,,,,Landau an der Isar; Dingolfing; München,Bau- und Umweltingenieurwesen; Elektro- und Informationstechnik,70,Personalabteilung - Jessica Benkert,Fleischgasse 26; 94405 Landau a.d. Isar,+49 9951 984468,jessica.benkert@ing-apfelboeck.de,ing-apfelboeck.de,Sehr gute Erreichbarkeit,Nein,Nein
15,APIS Informationstechnologien GmbH,IT / Software,X,,X,,,,Wörth an der Donau,Health Informatics; Betriebswirtschaft,,,Gewerbepark A 13; 93086 Wörth an der Donau,+49 9482 94150,info@apis.de,www.apis.de,,,
16,Appia Contract GmbH,Bau / Innenausbau,,,,,,X,Dietersburg,Bau- und Umweltingenieurwesen; Healthy & Sustainable Buildings; International Tourism Management,135,Jacqueline Ebenbeck,Dorfstraße 20; 84378 Dietersburg/Peterskirchen,+49 8565 96100,personal@appia-contract.com,appia-contract.com,,Ja,
17,Aptar Freyung GmbH ,Verpackungssysteme ,,X,,,,,Freyung; international,Industrial Engineering; Mechatronik; Elektro- und Informationstechnik,,Jakob Seiser,Gewerbegebiet Linden; Löfflerstraße 1; 94078 Freyung,+49 8551 9750,karriere.fre@aptar.com,www.aptar.com,,,
18,Asklepios Klinik,Gesundheitswesen / Hotellerie,,,X,,,,Bad Griesbach,International Tourism Management; Health Informatics,200,Monika Niggl,Ludwigpromenade 6; 94086 Bad Griesbach,+49 8532 980 603,m.niggl@asklepios.com,www.stwolfgang.de,,,
19,ASP Steuerberatungsgesellschaft Schrattenberger & Partner mbB,Steuerberatung,X,,,,,,Plattling,Betriebswirtschaft,30,Christian Schrattenberger,Straubinger Str. 26; 94447 Plattling,+49 9931 915121,info@schrattenberger-partner.de,schrattenberger-partner.de,Sehr gute Erreichbarkeit,Nein,Nein
20,ATOMA Verwaltungs GmbH & Co. KG,Maschinenbau,X,,,,,,Waldkraiburg; international,Informatik; Maschinenbau; Betriebswirtschaft; Elektro- und Informationstechnik,450,People & Culture - Carina Edbauer,Traunreuter Str. 2-4; 84478 Waldkraiburg,+49 8638 961580,peopleandculture@atoma-multipond.de,multipond.com,Gute Erreichbarkeit,Ja,Ja
21,Audi AG,Automobilindustrie,,,X,,X,,Ingolstadt,Industrial Engineering,,,,,,,,,
22,AUMOVIO Germany GmbH,Automobilzulieferer,X,,,,,,Regensburg; international,Industrial Engineering; Elektro- und Informationstechnik; Maschinenbau; Informatik,87000,Employer Branding - Franziska Gschwendtner,Siemensstr. 12; 93055 Regensburg,+49 941 79094340,franziska.gschwendtner@aumovio.com,aumovio.com,Sehr gute Erreichbarkeit,Ja,Ja
23,AutomationsRobotic GmbH,Automatisierungstechnik / Sondermaschinenbau,,,,,,X,Massing,Industrial Engineering; Maschinenbau,,Alexander Steiger,Boschstraße 2; 84323 Massing,+49 8724 9667170,karriere@ar-gmbh.eu,www.ar-gmbh.eu,,,
24,AVS Römer GmbH & Co. KG,Metallindustrie,X,,,,,,Grafenau; Langenberg,Industrial Engineering; Maschinenbau; Elektro- und Informationstechnik; Betriebswirtschaft,580,Human Resources - Barbara Junker,Reismühle 3; 94481 Grafenau,+49 8552 4076434,barbara.junker@avs-roemer.de,avs-roemer.de,Gute Erreichbarkeit,Ja,Ja
25,AWO Soziale Dienste GmbH,Soziale Arbeit,X,,,,,,Straubing,Soziale Arbeit,250,Personal - Thomas Pfeffer,Wittelsbacherhöhe 19; 94315 Straubing,+49 9421 997918,pfeffer@awo-straubing.de,awo-straubing.de,Gute Erreichbarkeit,Nein,Nein
26,Bachner Elektro GmbH & Co. KG,Elektrotechnik / Energietechnik,,,,,,X,Mainburg,Energy Systems Engineering; Industrial Engineering,,,,,,,,,
27,"Baierl & Demmelhuber Innenausbau GmbH",Innenausbau,X,,,,,,international,Bau- und Umweltingenieurwesen; Betriebswirtschaft,950,Marketing - Laureen Mitsching,Cranachstraße 5; 84513 Töging am Inn,+49 8631 90015663,marketing@demmelhuber.de,karriere.demmelhuber.de,Sehr gute Erreichbarkeit,Ja,Ja
28,BARTEC BENKE GmbH,Ex-Schutz / Metrologie,X,,,,,,Gotteszell; Bad Mergentheim; Reinbek; international,Informatik; Maschinenbau; Elektro- und Informationstechnik; Mechatronik,1000,HR - Ingrid Schreiner,Schulstraße 30; 94239 Gotteszell,+49 9929 301211,Ingrid.Schreiner@bartec.com,bartec.com,Sehr gute Erreichbarkeit,Ja,Ja
29,Bau-Institut für Ressourceneffizientes und Nachhaltiges Bauen GmbH,Bauingenieurwesen,,,,(X),,,Bamberg,Building Products & Processes,,,Lichtenhaidestraße 11A; 96052 Bamberg,+49 951 9933930,info@bau-irn.de,bau-irn.com,,,
30,Bayerische Polizei,Sicherheitsbehörde,X,,,,,,bayernweit,Informatik; Betriebswirtschaft; Cyber Security,45000,Polizeiinspektion Deggendorf - Sebastian Königseder,Hans-Krämer-Straße 65; 94469 Deggendorf,+49 991 3896170,einstellungsberatung-straubing@polizei.bayern.de,team.polizei.bayern.de,Sehr gute Erreichbarkeit,Ja,Nein
31,Bayrischer Hotel- und Gaststättenverband DEHOGA Bayern e.V.,Hotellerie / Gastronomie,,,,,,X,deutschlandweit,International Tourism Management,,Franz Forstner,Türkenstr. 7; 80333 München,+49 89 287600,,www.dehoga-bayern.de,,,
32,Bayernwerk Netz GmbH,Energieversorgung,X,,X,,,,Eggenfelden; bayernweit,Elektro- und Informationstechnik; Energy Systems Engineering; Bau- und Umweltingenieurwesen; Industrial Engineering,4500,Talent Acquisition,Lilienthalstraße 7; 93049 Regensburg,,talentaquisition@bayernwerk.de,bayernwerk.de,Sehr gute Erreichbarkeit,Ja,Nein
33,beraten und planen Holding GmbH,Bau / Bauwesen,,,,,,X,Burglengenfeld,Building Products & Processes,,,Kreuzbergweg 1a; 93133 Burglengenfeld,+49 9471 7016 0,karriere@beraten-planen.de,www.beraten-planen.de,,,
34,Berger Bau SE,Bau / Bauwesen,X,,,,,,Passau; Johanniskirchen,Bau- und Umweltingenieurwesen; Betriebswirtschaft,3000,Personal - Andreas Stadler,Äußere Spitalhofstraße 19; 94036 Passau,+49 851 8061171,andreas.stadler@bergerbau.eu,bergerholding.eu,Sehr gute Erreichbarkeit,Ja,Ja
35,Bezirksklinikum Mainkofen,Gesundheitswesen,X,,,,,,Pfarrkirchen; Mainkofen; Passau; Grafenau,Soziale Arbeit; Betriebswirtschaft; Management im Gesundheitswesen,2000,Personalwesen - Magdalena Unger,Mainkofen A3; 94469 Deggendorf,+49 9931 8733190,jobs@mainkofen.de,mainkofen.de,Sehr gute Erreichbarkeit,Nein,Nein
36,BMW Group,Automobilindustrie,X,,X,,X,,Dingolfing; deutschlandweit; München,Energy Systems Engineering; Building Products & Processes; Industrial Engineering; Künstliche Intelligenz,19000,Amelie Sopper,Parkring 19; 85748 Garching bei München,+49 151 26752461,amelie.sopper@bmw.de,bmwgroup.com,Sehr gute Erreichbarkeit,Ja,Ja
37,Bosch,,,,X,,,,Lohr am Main,Energy Systems Engineering,,,,,,,,,
38,b-plus GmbH,Elektrotechnik / Automotive,X,,,,,,Deggendorf; Regensburg,Elektro- und Informationstechnik; Künstliche Intelligenz; Informatik; Energy Systems Engineering,200,HR - Lisa Kammermeier,Ulrichsberger Straße 17; 94469 Deggendorf,+49 991 2703020,mycareer@b-plus.com,b-plus.com,Gute Erreichbarkeit,Ja,Ja
39,BPM Bau- und Projektmanagement Hartl GmbH,Projektsteuerung,X,,,,,,Pfarrkirchen,Bau- und Umweltingenieurwesen,38,Anita Hartl,Schellberg 1; 84347 Pfarrkirchen,+49 8561 9290990,karriere@bpm-gmbh.de,bpm-gmbh.de,Geringe Erreichbarkeit,Ja,Nein
40,B&R Industrial Automation GmbH,Automatisierungstechnik,,,,,,X,Eggelsberg; international,Industrial Engineering,,,B&R Industrial Automation GmbH,+43 7748 65860,office.br@abb.com,www.br-automation.com,,,
41,Brunthaler Massivholzbau,Bau / Holzbau,,,,,,X,Egglham,Building Products & Processes; Healthy & Sustainable Buildings,,,Pfarrkirchener Str. 31; 84385 Egglham,+49 8543 6240400,bewerbung@brunthaler.bayern,www.brunthaler-massivholzhaus.com,,,
42,BSH Hausgeräte GmbH,Küchengeräte,,,X,,,,Traunreut,Industrial Engineering,,,Werner-von-Siemens-Straße 200; 83301 Traunreut,+49 8669 300,,www.bsh-group.com,,,
43,Bundeswehr - Karriereberatung,Regierungsbehörde,X,,,,,,bundesweit,Elektro- und Informationstechnik; Maschinenbau; Mechatronik; Informatik,260000,Bundeswehr Karriereberatung Deggendorf - Alex Vlasov,Graflinger Straße 83; 94469 Deggendorf,+49 991 203270,KarrBBDeggendorf@bundeswehr.org,bundeswehrkarriere.de,Gute Erreichbarkeit,Ja,Ja
44,Caverion Deutschland GmbH ,Gebäudetechnik,X,,,,,X,Passau,Building Products & Processes; Elektro- und Informationstechnik; Bau- und Umweltingenieurwesen,,,Dr.-Fritz-Ebbert-Straße 1; 94034 Passau,+49 851 98691900,personal.de@caverion.com,www.caverion.de,,,
45,CAT Production GmbH,IT / Multimedia,,,X,,,,München,Health Informatics,,,,,,,,,
46,CipSoft GmbH,Gamesbranche,X,,,,,,Regensburg,Informatik; Künstliche Intelligenz,115,Mario Kugler,Prüfeninger Str. 20; 93049 Regensburg,+49 941 630828300,jobs@cipsoft.com,cipsoft.com,Sehr gute Erreichbarkeit,Nein,Nein
47,citema group GmbH,IT / Software,X,,,,,,Grasbrunn bei München; deutschlandweit,Informatik; Elektro- und Informationstechnik; Künstliche Intelligenz; Mechatronik,50,Recruiting - Eva-Maria Klotz,St.-Ottilien-Weg 11; 85630 Grasbrunn,+49 8106 3560315,karriere@citema.de,citema.de,Ausreichende Erreichbarkeit,Nein,Ja
48,congatec GmbH,Elektronik,X,,,,,,Deggendorf; international,Informatik; Elektro- und Informationstechnik; Künstliche Intelligenz; Betriebswirtschaft,450,Human Resources - Selina Wenig,Auwiesenstraße 5; 94469 Deggendorf,+49 991 27000,info@congatec.com,congatec.com,Sehr gute Erreichbarkeit,Nein,Ja
49,Consilia GmbH & Co. KG,Beratung / Consulting,X,,,,,,Passau; Deggendorf; Mühldorf; München,Betriebswirtschaft,175,Personalleitung - Beatrice Langer,Nibelungenplatz 1; 94032 Passau,+49 851 956520,bewerbung@consilia.de,consilia.de,Sehr gute Erreichbarkeit,Ja,Nein
50,COPLAN AG,"Architektur und Ingenieurbau",X,X,,,,,Eggenfelden; Deggendorf; Passau; München,Bau- und Umweltingenieurwesen; Elektro- und Informationstechnik,200,Marketing - Markus Fischer,Hofmark 35; 84307 Eggenfelden,+49 8721 705458,markus.fischer@coplan-online.de,coplan-online.de,Gute Erreichbarkeit,Ja,Nein
51,CSA Group Bayern GmbH,Elektrotechnik,X,,,,,,Plattling; München,Elektro- und Informationstechnik; Mechatronik,300,Human Resources - Franziska Ernst,Straubinger Straße 100; 94447 Plattling,+49 151 14853738,franziska.ernst@csagroup.org,csagroup.org,Gute Erreichbarkeit,Nein,Ja
52,Curacon GmbH,Beratung / Consulting,,X,,,,,München; deutschlandweit,Global Public Health,,Andrea Wevelsiep,Riedenburger Str. 7; 81677 München,+49 89 99275790,karriere@curacon.de,www.curacon.de,,,
53,dab - Daten-Analysen & Beratung GmbH,Softwareentwicklung,X,,,,,,Deggendorf,Informatik; Künstliche Intelligenz,60,HR - Theresa Poschinger,Hans-Obser-Straße 12; 94469 Deggendorf,+49 991 99135862,theresa.poschinger@dab-gmbh.de,dab-europe.com,Gute Erreichbarkeit,Ja,Nein
54,Daimler Truck AG,,,,X,,,,Stuttgart,Industrial Engineering,,,,,,,,,
55,db-matik AG,Automatisierungstechnik,,X,,,,,Roding,Industrial Engineering; Building Products & Processes; Elektro- und Informationstechnik,,,Turonstraße 13; 93426 Roding,+49 9461 638810,jobs@db-matik.de,www.db-matik.de,,,
56,DEKRA Automobil GmbH,Technische Dienstleistungen,X,,,,,,deutschlandweit,Bau- und Umweltingenieurwesen; Elektro- und Informationstechnik; Maschinenbau; Mechatronik,48000,Recruiting - Anastasia Diemer,Handwerkstraße 15; 70565 Stuttgart,+49 711 78612017,recruiting@dekra.com,dekra.de,Gute Erreichbarkeit,Nein,Ja
57,De Software & Control GmbH,IT / Software,,X,,,,,Dingolfing,Elektro- und Informationstechnik; Informatik; Künstliche Intelligenz,,,Mengkofener Str. 21; 84130 Dingolfing,+49 8731 37970,info@de-gmbh.com,www.de-group.net,,,
58,Deutsche Bahn AG,Transport und Logistik,X,,,,,,deutschlandweit,Bau- und Umweltingenieurwesen; Elektro- und Informationstechnik; Mechatronik,220000,Graduate Recruiting - Kathrin Toppel,Europaplatz 1; 10557 Berlin,+49 160 97469346,db-hochschulkooperation@deutschebahn.com,db.jobs,Sehr gute Erreichbarkeit,Nein,Ja
59,Deutsche Lufthansa AG,,,,X,,,,München,International Tourism Management,,,,,,,,,
60,Deutsches Herzzentrum München - TUM Uniklinikum,,,,X,,,,München,Health Informatics,,,,,,,,,
61,Dichtungstechnik Wallstabe & Schneider GmbH & Co. KG,Automobilzulieferer,X,,,,,,Niederwinkling; international,Betriebswirtschaft; Wirtschaftsingenieurwesen; Maschinenbau,1100,HR - Sonja Zeidler,Straße der Dichtungstechnik 2; 94559 Niederwinkling,+49 9962 201174,sonja.zeidler@wallstabe-schneider.de,wallstabe-schneider.de,Erreichbarkeit mit erhöhtem Aufwand,Ja,Ja
62,Diözese Passau KdöR,Kirchliche Jugendarbeit,X,,,,,,Passau,Soziale Arbeit,2,Kirchliche Jugendarbeit - Waltraud Wagner,Hauptstr. 63a; 94486 Osterhofen,+49 151 55395620,waltraud.wagner@bistum-passau.de,bja.bistum-passau.de,Sehr gute Erreichbarkeit,Nein,Nein
63,Dr. Kittl & Partner GmbH,Beratung / Consulting,X,,,,,,Deggendorf; Passau; Regensburg,Betriebswirtschaft,130,WP - Christine Käser,Bahnhofstraße 41; 94469 Deggendorf,+49 991 320138737,wp@kittl-partner.de,kittl-partner.de,Sehr gute Erreichbarkeit,Ja,Nein
64,DRÄXLMAIER Group,Automobilindustrie,X,,,,,,Vilsbiburg; Geisenhausen; Landau a.d. Isar; international,Elektro- und Informationstechnik; Industrial Engineering; Maschinenbau; Mechatronik,70000,People Marketing & Acquisition - Veronika Kremsreiter,Landshuter Str. 100; 84137 Vilsbiburg,+49 8741 476662,studierende@draexlmaier.com,draexlmaier.com,Gute Erreichbarkeit,Nein,Ja
65,EBB Ingenieurgesellschaft mbH,Ingenieurbüro / Bauwesen,X,,,,,,Zeitlarn; Chemnitz,Bau- und Umweltingenieurwesen,64,Geschäftsführung - Florian Fleischmann,Am Sandacker 2; 93197 Zeitlarn,+49 941 20040,karriere@ebb-ingenieure.de,ebb-ingenieure.de,Gute Erreichbarkeit,Ja,Nein
66,Ed. Züblin AG,Bau / Bauwesen,,X,,,,,Pocking; München,Energy Systems Engineering,86000,Sandra Ebner,Albstadtweg 3; 70567 Stuttgart,+49 711 78837071,sandra.ebner@zueblin.de,www.zueblin.de,,Nein,Ja
67,Einhell Germany AG,Industrie,X,,,,,,Landau a.d. Isar; international,Elektro- und Informationstechnik; Betriebswirtschaft; Wirtschaftsingenieurwesen,2700,HR - Jennifer Gran,Wiesenweg 22; 94405 Landau a.d. Isar,+49 9951 942560,jennifer.gran@einhell.com,karriere.einhell.de,Gute Erreichbarkeit,Ja,Ja
68,Engie Deutschland GmbH,Energiebranche,X,,,,,,deutschlandweit,Energy Systems Engineering; Industrial Engineering; Elektro- und Informationstechnik; Betriebswirtschaft,5900,Niederlassungsleitung - Philipp Stockbauer-Muhr,Hans-Obser-Straße 12; 94469 Deggendorf,+49 991 98293060,philipp.stockbauer-muhr@engie.com,engie-deutschland.de,Sehr gute Erreichbarkeit,Nein,Ja
69,engineering people GmbH,Engineering,X,,,,,,deutschlandweit,Industrial Engineering; Energy Systems Engineering; Elektro- und Informationstechnik; Mechatronik,500,Recruiting - Sebastian Kurtzius,Südwestpark 60; 90449 Nürnberg,+49 911 239560300,nl_nuernberg@ep-group.de,ep-group.de,Sehr gute Erreichbarkeit,Nein,Ja
70,Ensana,Hotellerie / Wellness / Gastronomie,,X,,,,,europaweit,International Tourism Management; Health Informatics; Global Public Health; Digital Health,3000,Herr Frank Halmos,15000 Prague; Karla Englise 4,+42 0702227628,fhalmos@ensanahotels.com,www.ensanahotels.com,,Ja,Nein
71,‍EPEA GmbH – Part of Drees & Sommer,Bauingenieurwesen,,,,(X),,,Stuttgart,Building Products & Processes,,,Ob. Waldplätze 12; 70569 Stuttgart,+49 40 4313490,epea@epea.com,www.epea.com,,,
72,Erform GmbH,Bau / Holzbau,,,,,,X,Simbach am Inn,Building Products & Processes; Industrial Engineering; Mechatronik,,Wilfried Marketz,Heraklithstraße 9; 84359 Simbach am Inn,+49 8571 60390,w.marketz@erform.de,www.erform.de,,,
73,ERL Immobiliengruppe,Immobilienbranche,X,,,,,,Deggendorf,Bau- und Umweltingenieurwesen,500,Personal - Thomas Ebenbeck,Oberer Stadtplatz 18; 94469 Deggendorf,+49 991 3706010,t.ebenbeck@erl.de,www.erl.de,Sehr gute Erreichbarkeit,Ja,Nein
74,EurA AG,Beratung / Consulting,,X,,,,,Pfarrkirchen; deutschlandweit,Betriebswirtschaft; Public Management,,Jörg Werner,Passauer Str. 9; 84347 Pfarrkirchen,+49 8561 9181781,bewerbung@eura-ag.de,www.eura-ag.com,,,
75,Eurotours Deutschland Ges.m.b.H.,Touristik,,X,,,,,Garching,International Tourism Management; Business Admin & Service Management,,Christopher Pöltinger-Andersen,Parkring 2/EG; 85748 Garching bei München,+49 89 24883710,people.culture@verkehrsbuero.com,www.eurotours.at,,,
76,Finn GmbH,Automobilindustrie / Vermietung,,,X,,,,München,Health Informatics,,,Prinzregentenplatz 9; 81675 München,+49 89 143770064,,www.finn.com/de-DE,,,
77,Firmenherz Marketing GmbH und Co. KG,Marketing,,,X,,,,Deggendorf,International Tourism Management,,,Bräugasse 1; 94469 Deggendorf,+49 991 38313835,info@firmenherz.de,www.firmenherz.de,,,
78,Ford,,,,,,X,,,Industrial Engineering,,,,,,,,,
79,FotoFinder Systems GmbH,Elektrotechnik / Medizinprodukte,,,X,,,,Bad Birnbach,International Tourism Management; Health Informatics,,,Industriestraße 12; 84364 Bad Birnbach,+49 8563 977200,jobs@fotofinder.de,www.fotofinder.de,,,
80,Fraunhofer-Institut für Kognitive Systeme IKS,,,,X,,,,München,Health Informatics,,,,,,,,,
81,Fraunhofer-Institut für Solarenergiesysteme ISE,,,,X,,,,Freiburg im Breisgau,Energy Systems Engineering,,,,,,,,,
82,Frischhut GmbH und Co. KG,Metallindustrie,,,,,,X,Pfarrkirchen,Building Products & Processes; Industrial Engineering,,,Franz-Stelzenberger-Straße 9-17; 84347 Pfarrkirchen,+49 8561 30080,hr@frischhut.de,www.frischhut.de,,,
83,Fritsche und Partner mbB,Bauingenieurwesen,X,,,,,,Deggendorf,Bau- und Umweltingenieurwesen,23,Thomas Fritsche,Westlicher Stadtgraben 30b; 94469 Deggendorf,+49 991 3721270,info@fritsche-ingenieure.de,fritsche-ingenieure.de,Gute Erreichbarkeit,Ja,Nein
84,FRONTERIS Energy GmbH,Energietechnik,,,X,,,,Regensburg,Energy Systems Engineering,,Sabine Ehrl,Ziegetsdorfer Str. 109; 93051 Regensburg,+49 941 9920880,zukunft@fronteris.de,www.fronteris-energie.de,,,
85,GEOBAY PartG mbB beratende Ingenieure,Geotechnik / Spezialtiefbau,,,,,,X,Passau,Building Products & Processes,,Heike Aigner,Thann 7; 94036 Passau,+49 851 3793260,sekretariat@geobay.eu,www.geobay.eu,,,
86,Geoplan GmbH,Ingenieurbüro,X,,,,,,Burgkirchen a.d. Alz; Osterhofen; Mintraching,Bau- und Umweltingenieurwesen,120,Verwaltung - Bernadette Batzlsperger,Donau-Gewerbepark 5; 94491 Osterhofen,+49 9932 95440,info@geoplan-online.de,geoplan-online.de,Gute Erreichbarkeit,Ja,Nein
87,GiB - Gesellschaft für innovative Bautechnologie mbH ,Bautechnologie,,,X,,,,Arnstorf,Building Products & Processes,,,Simbacher Str. 8; 94424 Arnstorf,+49 8723 203288,info@gib-mbh.com,www.gib-mbh.com,,,
88,GIMA-AM BAU GmbH ,Bau / Bauwesen,,,,,,X,Pfarrkirchen,Building Products & Processes,,,Hans-Wimmer-Gassl 2; 84347 Pfarrkirchen,+49 1511 0963132,gimaambaugmbh@gmail.com,www.gimaambau-gmbh.de,,,
89,"GKC Dr. Öttl & Partner - Food and Dairy Consulting AG",IT / Lebensmittelindustrie,X,,,,,,Eching bei Landshut,Informatik; Künstliche Intelligenz,30,Julia Wegele,Hofmark 6a; 84174 Eching,+49 151 50866976,j.wegele@gkc.de,gkc.eu,Sehr gute Erreichbarkeit,Nein,Nein
90,Graphit Kropfmühl GmbH ,Materialien / Bergbau,,,,,,X,Hauzenberg,Building Products & Processes,,,Langheinrichstraße 1; 94051 Hauzenberg,+49 8586 6090,recruitment@gk-graphite.com ,www.gk-graphite.com,,,
91,HAGN Umwelttechnik GmbH,Bau- und Umwelttechnik,X,,,,,,Osterhofen; Sulzemoos; Leipzig,Bau- und Umweltingenieurwesen; Building Products & Processes,204,HR - Iman Marzak,An der Römerschanze 11; 47809 Krefeld,+49 151 10564389,iman.marzak@felbermayr.cc,hagn-umwelttechnik.de,Gute Erreichbarkeit,Nein,Ja
92,Haas Fertigbau GmbH ,Fertigbau / Bauwesen,,X,,,,X,Falkenberg,Building Products & Processes; Healthy & Sustainable Buildings,850,Nicole Hellinger,Industriestraße 8; 84326 Falkenberg,+49 8727 180,bewerbung@haas-group.com,www.haas-karriere.de,,Nein,Nein
93,Hecht Wohnbau GmbH ,Wohnungsbau,,,,,,X,Grafling,Building Products & Processes,,Eva Wittenzellner,Gewerbedorf Petraching 8; 94539 Grafling,+49 991 2909430,ewittenzellner@hecht-wohnbau.de,www.hecht-wohnbau.de,,,
94,Henrichsen AG,IT,X,,,,,,Straubing; deutschlandweit,Betriebswirtschaft; Informatik,250,HR - Carolin Kolbeck,Regensburger Str. 26; 94315 Straubing,+49 9421 8109244,bewerbung@henrichsen.de,henrichsen.de,Gute Erreichbarkeit,Ja,Ja
95,Herbert Rießer Bauunternehmen GmbH,Bau / Bauwesen ,,,,,,X,Pfarrkirchen,Building Products & Processes,,,Franz-Stelzenberger-Straße 21; 84347 Pfarrkirchen,+49 8561 2455,www.riesser-bau.de,www.riesser-bau.de,,,
96,HFH Präzisionsmechanik GmbH,Metallbau / CNC-Technik,,,,,,X,Wurmannsquick,Industrial Engineering; Mechatronik,70,Walter Fischer,Am Reiterfeld 7; 84329 Wurmannsquick,+49 8725 965850,fischer@hfh-gmbh.de,www.hfh-gmbh.de,,,
97,Hitega Präzisionsmechanik GmbH,Metallbau / CNC-Technik,,,,,,X,Gangkofen; Stollberg,Industrial Engineering; Mechatronik,80,,Bahnhofstraße 126; 84140 Gangkofen,+49 8722 96000,jobs.hitega@ptf-group.com,www.ptf-group.com,,,
98,Holzwerke Pfarrkirchen GmbH,Bauzulieferer,,,,,,X,Pfarrkirchen,Building Products & Processes; Industrial Engineering,,Christine Pfaffinger,Max-Breiherr-Straße 20; 84347 Pfarrkirchen,+49 8561 30050,bewerbung@hwpan.de,www.hwpan.de,,,
99,"Hoock & Partner Sachverständige PartG mbB",Bausachverständige,X,,,,,,Landshut; Regensburg,Bau- und Umweltingenieurwesen,32,Teamassistenz - Cornelia Reichert,Am Alten Viehmarkt 5; 84028 Landshut,+49 871 96563730,teamassistenz@hoock-partner.de,hoock-partner.de,Sehr gute Erreichbarkeit,Nein,Nein
100,HORSCH LEEB AS GmbH,Maschinenbau / Landtechnik,X,,,,,,Landau a.d. Isar; Schwandorf; international,Industrial Engineering; Maschinenbau; Mechatronik; Betriebswirtschaft,3300,People & Organizational Development - Johanna Streicher,Kleegartenstraße 54; 94405 Landau a.d. Isar,+49 9951 60413106,johanna.streicher@horsch.com,horsch.com,Gute Erreichbarkeit,Ja,Ja
101,Hotel Glöcklhofer,Hotellerie,,,X,,,,Burghausen,International Tourism Management; Business Admin & Service Management,,Laura Lechner,Ludwigsberg 4; 84489 Burghausen,+49 8677 916400,assistenz@hotel-gloecklhofer.de,hotel-gloecklhofer.de,,,
102,Hotel Spitzberg GbR,Hotellerie,,,X,,,,Passau,International Tourism Management; Business Admin & Service Management,,,Neuburger Str. 29; 94032 Passau,+49 851 955480,info@hotel-spitzberg.de,www.hotel-spitzberg.de,,,
103,Huber & Ranner GmbH,Energietechnik / Lüftung / Kühlung,,,,,X,,Pocking,Bau- und Umweltingenieurwesen; Mechatronik; Industrial Engineering,,Carina Rieger,Gewerbering 15; 94060 Pocking,+49 8531 7050,jobs@huber-ranner.com,www.huber-ranner.com,,,
104,HumHub GmbH & Co. KG,IT / Software,,,X,,,,München,Health Informatics,,,Johann-Clanze-Straße 28c; 81369 München,+49 89 416156939,info@humhub.com,www.humhub.com,,,
105,IFB Eigenschenk GmbH,Ingenieurdienstleistungen,X,,,,,,Deggendorf; München; Regensburg,Bau- und Umweltingenieurwesen,192,Personal - Michaela Kröll,Mettener Straße 33; 94469 Deggendorf,+49 991 37015215,michaela.kroell@gmx.net,eigenschenk.de,Sehr gute Erreichbarkeit,Ja,Ja
106,IGK Ingenieurgesellschaft Klein mbH,Ingenieurbüro,X,X,,,,,Pfarrkirchen; München; deutschlandweit,Bau- und Umweltingenieurwesen; Building Products & Processes; Healthy & Sustainable Buildings,55,Manuel Hochbauer,Passauerstraße 101; 84347 Pfarrkirchen,+49 8561 23880,info@igk-klein.de,igk-klein.de,Sehr gute Erreichbarkeit,Ja,Ja
107,IK-T GmbH Innovative Kommunikationstechnologien,Kommunikation,,,,,,X,Regensburg,Building Products & Processes,,Daniel Müller,Margaretenstraße 15; 93047 Regensburg,+49 941 2809770,info@ik-t.de,www.ik-t.de,,,
108,IMH Ingenieurgesellschaft für Bauwesen und Geotechnik mbH ,Bau / Bauwesen,,,,,,X,Hengersberg,Building Products & Processes,,,Deggendorfer Str. 40; 94491 Hengersberg,+49 9901 949050,bewerbung@imh-baugeo.de,www.imh-baugeo.de,,,Ja
109,Infineon Technologies,Elektronik,X,,,,,,Regensburg; München; europaweit; international,Elektro- und Informationstechnik; Industrial Engineering; Künstliche Intelligenz; Informatik,58060,Human Resource Management - Julia Flammersberger Bernklau,Wernerwerkstraße 2; 93049 Regensburg,+49 941 2026336,julia.flammersberger@infineon.com,jobs.infineon.com,Sehr gute Erreichbarkeit,Ja,Ja
110,InfraServ GmbH & Co. Gendorf KG,Chemieindustrie,X,,,,,,Burgkirchen an der Alz,Bau- und Umweltingenieurwesen; Elektro- und Informationstechnik; Industrial Engineering; Informatik,1000,Personalabteilung - Christian Meyer,Industrieparkstraße 1; 84508 Burgkirchen,+49 8679 75583,jobs@infraserv.gendorf.de,infraserv.gendorf.de,Sehr gute Erreichbarkeit,Nein,Ja
111,IB Bauer - Ingenieurbüro für elektrotechn. Gebäudeausrüstung,Ingenieurbüro,,,X,,,,Pfarrkirchen,Energy Systems Engineering,,,Jakob-Schmid-Straße 5A; 84347 Pfarrkirchen,+49 8561 23770,info@ib-bauer-eng.de,www.ib-bauer-eng.de,,,
112,Ingenieurbüro HPE GmbH,Ingenieurbüro,X,,,,,,Johanniskirchen; Regensburg,Bau- und Umweltingenieurwesen; Energy Systems Engineering,50,Marketing - Angelina-Sophie Richter,Bahnzaunerweg 3b; 84381 Johanniskirchen,+49 8564 9630044,marketing@ib-hpe.de,ib-hpe.de,Gute Erreichbarkeit,Ja,Ja
113,Innowerk-IT GmbH,IT,X,,,,,,Passau,Informatik; Künstliche Intelligenz,38,Assistenz der Geschäftsführung - Matthes Mauer,Dr.-Ernst-Derra-Str. 6; 94036 Passau,+49 851 560970,backoffice@innowerk-it.de,innowerk-it.de,Sehr gute Erreichbarkeit,Nein,Nein
114,InterNations GmbH,IT / Dienstleistungen,,,X,,,,München,International Tourism Management,,,Karlsplatz 3; 80335 München,+49 89 4613324,info@internations.org,www.internations.org,,,
115,iTD GmbH,Gerätebau,,,,,,X,Pfarrkirchen,Industrial Engineering,200,Marcus Urban,Jahnstraße 1; 84347 Pfarrkirchen,+49 89 614425100,personal@itd-cart.com,www.itd-cart.com,,,
116,"Johannesbad Reha-Kliniken GmbH & Co. KG",Gesundheitswesen,X,,,,,,Bad Füssing,Digital Health; Management im Gesundheitswesen; Soziale Arbeit,420,Personal - Pia Wiesenbauer,Johannesstraße 2; 94072 Bad Füssing,+49 8531 232184,pia.wiesenbauer@johannesbad.com,johannesbad-medizin.com,Ausreichende Erreichbarkeit,Nein,Nein
117,Josef Meier GmbH & Co. KG ,Bau / Bauwesen,,,,,,X,Rotthalmünster,Building Products & Processes,,Christina Feuchthuber,Passauer Str. 24; 94094 Rotthalmünster,+49 8533 2070,bewerbung@meier-bau.com,www.meier-bau.com,,,
118,Pfaffinger Bau SE,Bau / Bauwesen,,,,,,X,Passau,Building Products & Processes,,Riccardo Fischer,Wiener Str. 35; 94032 Passau,+49 851 3900,karriere@pfaffinger.com,www.pfaffinger.com,,,
119,Josef Rädlinger Ingenieurbau GmbH,Bau / Bauwesen,,,,,,X,Windorf,Building Products & Processes,,Nathalie Hirmer,Josef-Rädlinger-Straße 1; 94575 Windorf,+49 9971 40037000,nathalie.hirmer@raedlinger.com,www.raedlinger.com,,,
120,Josef Zankl GmbH ,Bau / Bauwesen,,,,,,X,Viechtach,Building Products & Processes,,,Schmidstraße 28A; 94234 Viechtach,+49 9942 94210,info@bau-zankl.de,www.bau-zankl.de,,,
121,Jungheinrich Moosburg AG & Co. KG,Maschinenbau,X,,,,,,Moosburg; international,Industrial Engineering; Maschinenbau; Elektro- und Informationstechnik; Mechatronik,21000,Carolin Ramsauer,Steinbockstraße 38; 85368 Moosburg a.d. Isar,+49 8761 801002,Carolin.Ramsauer@jungheinrich.de,jungheinrich.com/karriere,Gute Erreichbarkeit,Ja,Ja
122,Kaer GmbH - Arbeitsmedizin & Arbeitssicherheit,,,,X,,,,München,Health Informatics,,Alexa Epke,Posener Pl. 26; 81929 München,+49 89 96058997,helloyou@kaerhealth.com,www.kaerhealth.com,,,
123,Karl Bachl GmbH & Co. KG ,Bau / Bauwesen,,,,,,X,Röhrnbach,Building Products & Processes,,,Deching 3; 94133 Röhrnbach,+49 8582 180,karriere@bachl.de ,www.bachl.de,,,
124,Karl Gehringer GmbH & Co. Bau KG,Bau / Bauwesen,,,,,,X,Pfarrkirchen,Building Products & Processes,,,Ringstraße 27; 84347 Pfarrkirchen,+49 8561 98560,info@gehringer-bau.de,www.gehringer-bau.de,,,
125,KARL-Gruppe,Immobilien / Energie / Bau,X,,,,,,Hengersberg; Deggendorf,Bau- und Umweltingenieurwesen; Betriebswirtschaft,400,Leitung Personalwesen - Christian Weigl,Industriestraße 5a; 94491 Hengersberg,+49 991 34477709,karriere@karl-gruppe.de,karl-gruppe.de,Gute Erreichbarkeit,Ja,Ja
126,Karl Lausser GmbH,Energie- und Gebäudetechnik,X,,,,,,Pilgramsberg; Bogen; Neutraubling,Bau- und Umweltingenieurwesen; Maschinenbau; Betriebswirtschaft,600,Aus- und Weiterbildung - Stephanie Mayer,Hauptstraße 20; 94372 Pilgramsberg,+49 9964 650460,stephanie.mayer@lausser.de,lausser.de,Ausreichende Erreichbarkeit,Ja,Ja
127,Kermi GmbH,Metallindustrie,X,,,,,,Plattling,Bau- und Umweltingenieurwesen; Energy Systems Engineering; Betriebswirtschaft; Industrial Engineering,1100,Personalabteilung - Marion Schabl,Pankofen-Bahnhof 1; 94447 Plattling,+49 9931 501370,schabl.marion@kermi.de,kermi.com,Sehr gute Erreichbarkeit,Ja,Ja
128,Knauf Insulation GmbH,Baustoffe,,X,,,,X,Simbach am Inn,Building Products & Processes; Industrial Engineering,,,Heraklithstraße 8; 84359 Simbach am Inn,+49 8571 400,,knauf.com,,,
129,"Knorr-Bremse Systeme für Nutzfahrzeuge GmbH",Automobilindustrie,X,,,,,,Aldersbach; international,Industrial Engineering; Betriebswirtschaft; Maschinenbau; Mechatronik,32500,Human Resources - Katherina Pawelzik,Knorrstraße 1; 94501 Aldersbach,+49 8543 309574,katherina.pawelzik@knorr-bremse.com,knorr-bremse.com,Erreichbarkeit mit erhöhtem Aufwand,Nein,Ja
130,Knürr GmbH,IT / Kontrollraumlösungen,,,,,,X,Arnstorf,Industrial Engineering; Health Informatics,,Dennis Spanner,Mariakirchener Str. 38; 94424 Arnstorf,+49 8723 280,karriere@knuerr.com,www.knuerr.com/de,,,
131,Krammer & Partner GmbH,IT / Dienstleistungen,X,,,,,,Passau,Health Informatics; Informatik; Künstliche Intelligenz,55,Business Service - Bettina Würdinger,Kachletstraße 22; 94034 Passau,+49 851 886780,info@krammer-partner.de,krammer-partner.de,Sehr gute Erreichbarkeit,Nein,Ja
132,Krinner GmbH,Baustoffe / Bauzulieferer,,,X,,,,Straßkirchen,Health Informatics,,Theresa Schiller,Passauer Str. 55; 94342 Straßkirchen,+49 9424 94010,t.fritsch@krinner.com,krinner.com,,,
133,Kromberg & Schubert GmbH & Co. KG,Automobilzulieferer,,,X,,,,Abensberg,Industrial Engineering,,Ramona Boerrigter,Werkstraße 1; 93326 Abensberg,+49 9443 770,karriere@ksab.kroschu.com,www.kromberg-schubert.com,,,
134,Krones AG,Anlagen- und Maschinenbau,X,,,,X,,Neutraubling; international,Industrial Engineering; Energy Systems Engineering; Building Products & Processes; Maschinenbau,21000,Victoria Behme,Böhmerwaldstraße 5; 93073 Neutraubling,+49 9401 704635,victoria.behme@krones.com,krones.com,Sehr gute Erreichbarkeit,Ja,Ja
135,KulturCart,IT / E-Commerce / Dienstleistung,,,X,,,,Pfarrkirchen,Health Informatics; International Tourism Management,,,Ringstraße 22; 84347 Pfarrkirchen,+49 1573 3369704,sales@kulturcart.de,www.kulturcart.de,,,
136,Laumer Bautechnik GmbH,Bau / Bauwesen,,,,,,X,Massing,Industrial Engineering; Building Products & Processes; Energy Systems Engineering; Bau- und Umweltingenieurwesen,500,Stefanie Hartl,Bahnhofstraße 8; 84323 Massing,+49 8724 880,stefanie.hartl@laumer.de,www.laumer.de,,,
137,Laumer GmbH & Co. KG,Druckweiterverarbeitung,,,X,,,,Pfarrkirchen,Health Informatics; Industrial Engineering,,,Arno-Jacoby-Straße 9; 84347 Pfarrkirchen,+49 8561 96140,heiss@laumer-gmbh.de,www.laumer-gmbh.de,,,
138,Leipfinger-Bader GmbH,Baustoffe / Ziegelsteine,,,,,,X,Mainburg,Building Products & Processes; Industrial Engineering,,,,,,,,,
139,Lidl Vertriebs GmbH & Co. KG Süd,Lebensmitteleinzelhandel,X,,,,,,deutschlandweit,Bau- und Umweltingenieurwesen; Informatik; Betriebswirtschaft,100000,Recruiting - Daniela Wendt,Belgrader Str. 3; 94315 Straubing,+49 9421 184530,ausbildung.str@lidl.de,jobs.lidl.de,Gute Erreichbarkeit,Ja,Ja
140,Liebherr-Components Deggendorf GmbH,Bau / Bauwesen,,,,,X,,Deggendorf; Ehingen an der Donau,Bau- und Umweltingenieurwesen; Mechatronik; Maschinenbau; Industrial Engineering,,Anna Haslbeck,Kreuzäcker 8; 94469 Deggendorf,+49 9931 89550,info.lho@liebherr.com,www.liebherr.com,,,
141,Linde GmbH; Linde Engineering,Chemieindustrie / Anlagenbau,,,X,,,,Pullach,Energy Systems Engineering; Industrial Engineering; Building Products & Processes,,,Dr.-Carl-von-Linde-Straße 6-14; 82049 Pullach,+49 89 74450,,www.linde-engineering.com,,,
142,Lindner Group KG,Baubranche,X,X,X,X,X,,Arnstorf; deutschlandweit; international,Bau- und Umweltingenieurwesen; Building Products & Processes; Healthy & Sustainable Buildings; Betriebswirtschaft,8000,Servicebereich Personal - Magdalena Groß,Bahnhofstraße 29; 94424 Arnstorf,+49 8723 208078,magdalena.gross@lindner-group.com,lindner-group.com,Geringe Erreichbarkeit,Ja,Ja
143,Loibl Förderanlagen GmbH,Maschinenbau / Anlagenbau,X,,,,,,Straubing,Industrial Engineering; Maschinenbau,150,Human Resources - Birgit Blöchl,Arberstraße 40; 94315 Straubing,+49 9421 925633,birgit.bloechl@loibl-group.com,loibl-group.com,Sehr gute Erreichbarkeit,Ja,Ja
144,LupoTherm GmbH,Baustoffe,,,X,,,,Handenberg (AT),Building Products & Processes,,,Gewerbering 1; 5144 Handenberg; Österreich,+43 7728 6261,info@LupoTherm.com,lupotherm.com,,,
145,Malmachen Gmbh,IT / Software,,,X,,,,Deggendorf,International Tourism Management,,,Ulrichsberger Str. 17; 94469 Deggendorf,+49 991 98363140,info@malma.ai,www.malma.ai,,,
146,Maschinenfabrik Reinhausen GmbH,Energietechnik,X,,X,,,,Regensburg; international,Elektro- und Informationstechnik; Energy Systems Engineering; Mechatronik; Maschinenbau,4900,Recruiting Center - Silvia Schramowski,Falkensteinstraße 8; 93059 Regensburg,+49 941 40902721,s.schramowski@reinhausen.com,reinhausen.com,Sehr gute Erreichbarkeit,Ja,Ja
147,Max-Bögl Bauservice GmbH & Co. KG,Bau / Bauwesen,X,,,,,,Sengenthal; München; international,Bau- und Umweltingenieurwesen; Elektro- und Informationstechnik; Maschinenbau,7000,Miriam Helm,Max-Bögl-Straße 1; 92369 Sengenthal,+49 9181 90914688,mihelm@max-boegl.de,max-boegl.de,Gute Erreichbarkeit,Ja,Ja
148,Max Frank GmbH & Co. KG,Bauzulieferer,X,,,,X,,Leiblfing; international,Building Products & Processes; Bau- und Umweltingenieurwesen,850,HR - Jenny Able,Mitterweg 1; 94339 Leiblfing,+49 9427 1890,bewerbung@maxfrank.de,maxfrank.com,Erreichbarkeit mit erhöhtem Aufwand,Ja,Ja
149,MAX STREICHER GmbH & Co. KG aA,Bau / Bauwesen,X,,,,,,Deggendorf; Niederwinkling; Landshut; international,Bau- und Umweltingenieurwesen; Building Products & Processes; Elektro- und Informationstechnik; Betriebswirtschaft,4500,Personalabteilung - Elisa Englmeier,Schwaigerbreite 17; 94469 Deggendorf,+49 991 330307,elisa.englmeier@streicher.de,streicher-perspektiven.de,Sehr gute Erreichbarkeit,Ja,Ja
150,MB Automation GmbH & Co. KG,Maschinenbau,X,,,,,,Roding; international,Industrial Engineering; Maschinenbau; Mechatronik; Elektro- und Informationstechnik,4000,Melissa Schwamm,Josef-Mühlbauer-Platz 1; 93426 Roding,+49 9461 9520,career@muehlbauer.de,muehlbauer.de,Gute Erreichbarkeit,Ja,Ja
151,MDSystec GmbH,IT / Dienstleistungen,,,,,,X,Mitterskirchen,Informatik; Künstliche Intelligenz,,Herr Jonas Miedl,Fraundorf 9 c; 84335 Mitterskirchen,+49 8725 964910,hr@mdsystec.de,www.mdsystec.de,,,
152,Medienservice Bettina Gschneidner,Marketing,,X,X,,,,Bad Birnbach,Health Informatics,,,Hofmark 13; 84364 Bad Birnbach,+49 8563 977996,,www.medienservice-bg.de,,,
153,Mercedes-Benz AG,,,,X,,,,Esslingen-Mettingen; Sindelfingen,Health Informatics; Industrial Engineering,,,,,,,,,
154,Mesutronic GmbH,Metalldetektion,X,,,,,,Kirchberg im Wald,Maschinenbau,245,Personal - Raphaela Bauer,Hackenfeld 13; 94259 Kirchberg im Wald,+49 9927 94100,ausbildung@mesutronic.de,mesutronic.de,Ausreichende Erreichbarkeit,Ja,Ja
155,MICRO-EPSILON Messtechnik GmbH & Co. KG,Messtechnik,X,,,,,,Ortenburg; international,Elektro- und Informationstechnik; Maschinenbau; Industrial Engineering; Informatik,1500,Personal - Sabine Clever,Königbacher Str. 15; 94496 Ortenburg,+49 8542 1680,career@micro-epsilon.de,micro-epsilon.de/students,Gute Erreichbarkeit,Ja,Ja
156,"Mitterer Instandhaltungs- und Planungs-GmbH",Ingenieurbüro,,,X,,,,Pfarrkirchen,Energy Systems Engineering; Industrial Engineering,15,Florian Kroll,Bahnhofstraße 19; 84347 Pfarrkirchen,+49 8561 71421,florian.kroll@mip-ib.de,www.mip-ib.de,,,
157,MKS Architekten - Ingenieure GmbH ,Ingenieurbüro / Architektur,,,,,,X,Regensburg,Building Products & Processes,,,Watmarkt 7; 93047 Regensburg,+49 941 563522,bewerbung@mks-ai.de,www.mks-ai.de,,,
158,MobiMedia AG,IT / Software,,X,,,,,Pfarrkirchen,Informatik; International Tourism Management,,,Doktor-Bachl-Straße 2; 84347 Pfarrkirchen,+49 8561 96160,info@mobimedia.de,www.mobimedia.de,,,
159,Motorenfabrik Hatz GmbH & Co. KG,Metall- und Elektroindustrie,X,,X,,,,Ruhstorf; international,Industrial Engineering; Elektro- und Informationstechnik; Maschinenbau; Mechatronik,800,HR - Andrea Heudecker,Ernst-Hatz-Straße 16; 94099 Ruhstorf,+49 8531 319120,a.heudecker@hatz.com,hatz.com,Sehr gute Erreichbarkeit,Ja,Ja
160,msg,IT / Software,X,,,,,,Ismaning; Passau; deutschlandweit; international,Informatik; Künstliche Intelligenz,10000,Tabea Sarah Kern,Robert-Bürkle-Str. 1; 85570 Ismaning,+49 170 9156407,tabea.kern@msg.group,karriere.msg.group,Sehr gute Erreichbarkeit,Nein,Ja
161,Mubea Aerostructures GmBH,Luftfahrt / Komponentenbau,,,X,,,,Oberpfaffenhofen,Industrial Engineering,,,Friedrichshafener Str. 309; 82205 Gilching,+49 8153 305091,info@mubea.com,www.mubea.com,,,
162,Neulinger Bau GmbH ,Bau / Bauwesen,,,X,,,,Hofkirchen,Health Informatics; Building Products & Processes,,Herr Lorenz,Gewerbepark Garham 6; 94544 Hofkirchen,+49 8541 969110,bewerbung@neulinger-bau.de,www.neulinger-bau.de,,,
163,Nui Care GmbH,IT / Software,,,,,,X,München,Health Informatics,,,Schillerstraße 40; 80336 München,+49 89 21527276,info@nui.care,www.nui.care,,,
164,Oberhaizinger GmbH,Bau / Innenausbau,,,,,,X,Julbach,Industrial Engineering; Healthy & Sustainable Buildings; Building Products & Processes,117,Cornelia Hoolmans,Südstraße 10; 84387 Julbach,+49 8678 747770,oh@oberhaizinger.de,www.oberhaizinger.de,,,
165,Offgridtec GmbH,Energietechnik / Photovoltaik,,,,,,X,Eggenfelden,Energy Systems Engineering,,Christian van Bergen-Henegouwen,Im Gewerbepark 11; 84307 Eggenfelden,+49 8721 9199400,info@offgridtec.com,www.offgridtec.com,,,
166,OnlineBuchungsService GmbH,Touristik,,X,,,,,Regensburg,International Tourism Management; Business Admin & Service Management,40,Anna Torscht,Im Gewerbepark D80; 93059 Regensburg,+49 0941 46374849,jobs@obsg.de,www.online-buchung-service.de,,Nein,Ja
167,Penzkofer Bau GmbH,Bau / Holzbau / Immobilien,X,,,,X,,Regen; Deggendorf; Gangkofen; Leiblfing,Bau- und Umweltingenieurwesen; Building Products & Processes; Healthy & Sustainable Buildings,400,Assistenz Geschäftsleitung - Markus Penn,Straßfeld 20; 94209 Regen,+49 9921 88250,karriere@penzkofer.de,penzkofer.de,Gute Erreichbarkeit,Ja,Ja
168,Peter Kasberger Baustoff GmbH,Baustoffe / Bauzulieferer,,,,,,X,Pfarrkirchen; Passau; Pocking; Neuötting,Building Products & Processes,,,Arno-Jacoby-Straße 3; 84347 Pfarrkirchen,+49 8561 96100,karriere@kasberger.de,www.kasberger.de,,,
169,PIMCO Prime Real Estate GmbH (former: Allianz Real Estate),Beratung / Consulting,,,,(X),,,München,Building Products & Processes,,,Seidlstraße 24-24a; 80335 München,+49 89 38000,info@pimcopre.com,pimcoprimerealestate.com,,,
170,Pohmann Projektplanung und Bauleitung GmbH,Bau / Holzbau,,,,,X,,Michelsneukirchen,Bau- und Umweltingenieurwesen; Healthy & Sustainable Buildings,,,Schwaighof 4a; 93185 Michelsneukirchen,+49 9467 7129519,info@massivholz-planung.de,www.massivholz-planung.de,,,
171,PORR Industriebau GmbH,Bau / Bauwesen,X,,,,X,,Passau; München; deutschlandweit,Bau- und Umweltingenieurwesen; Building Products & Processes; Industrial Engineering,100,Thomas Haas,Dr.-Emil-Brichta-Straße 5; 94036 Passau,+49 151 62453612,thomas.haas@porr.de,porr.de/karriere,Sehr gute Erreichbarkeit,Ja,Ja
172,"PRO BAU Ingenieur- und Rohrleitungsbau GmbH ",Rohrleitungsbau,,,,,,X,Passau,Building Products & Processes; Bau- und Umweltingenieurwesen,,,Rößlerhofweg 1; 94036 Passau,+49 851 886880,bewerbung@pro-bau-passau.com,www.pro-bau-passau.com,,,
173,Pröckl GmbH,Bau / Fassadenbau,,,,,,X,Arnstorf,Building Products & Processes; Bau- und Umweltingenieurwesen,250,Theresa Kappl,Industriestraße 2; 94424 Arnstorf,+49 8723 3060,theresa.kappl@proeckl.de,www.proeckl.de,,,
174,Resorts Bad Griesbach,Hotellerie,,,X,,,,Bad Griesbach,International Tourism Management; Business Admin & Service Management,,Stephanie Weber,Kurallee 1; 94086Bad Griesbach,+49 8532 7950,jobs@resorts-badgriesbach.com,www.resorts-badgriesbach.com,,,
175,R. Scheuchl GmbH,Maschinenbau / Anlagenbau,X,,,,,,Ortenburg; Ingelheim; international,Industrial Engineering; Maschinenbau; Mechatronik,200,Assistenz der Geschäftsführung - Carina Grauvogl,Königbacher Str. 17; 94496 Ortenburg,+49 8542 1650,bewerbung@scheuchl.de,scheuchl.de,Gute Erreichbarkeit,Ja,Ja
176,Robert Bosch GmbH,,,,X,,,,Stuttgart,Industrial Engineering,,,,,,,,,
177,"Rohde & Schwarz GmbH & Co. KG - Werk Teisnach",Elektrotechnik,X,,,,,,Teisnach; München; international,Elektro- und Informationstechnik; Künstliche Intelligenz; Mechatronik,2000,Personalmanagement - Eva Steer,Kaikenriederstraße 27; 94244 Teisnach,+49 9923 8572108,recruiting.teisnach@rohde-schwarz.com,rohde-schwarz.com,Gute Erreichbarkeit,Ja,Ja
178,Rosenhof Rehabilitationszentrum,Gesundheitswesen / Hotellerie,,X,,,,,Bad Birnbach,International Tourism Management; Digital Health,200,Alexander Schuhnicht,Brunnaderstraße 24; 84364 Bad Birnbach ,+49 08563 980501,schunicht@Klinik-Rosenhof.de,www.klinik-rosenhof.de,,Nein,Nein
179,Rottal-Inn Kliniken,Gesundheitswesen / Krankenhaus,,,,,,X,Eggenfelden; Pfarrkirchen; Simbach am Inn,Health Informatics; Digital Health; Global Public Health,1500,Theresa Feldmeier,Simonsöder Allee 20; 84307 Eggenfelden,+49 8721 9830,feldmeier.theresa@rottalinnkliniken.de,www.rottalinnkliniken.de,,,
180,RUBIX GmbH,Technischer Handel,X,,,,,,Plattling; Bergkamen,Industrial Engineering; Betriebswirtschaft; Maschinenbau,1300,Human Resources - Sophia Baierl,Scheiblerstraße 3; 94447 Plattling,+49 9931 96080,sophia.baierl@rubix.com,rubix-karriere.de,Gute Erreichbarkeit,Ja,Ja
181,Rücker und Schindele Beratende Ingenieure GmbH,Ingenieurdienstleistungen,X,,,,,,München; Rosenheim; Berlin,Industrial Engineering; Energy Systems Engineering; Elektro- und Informationstechnik,180,Recruiter - Erkut Atlioglu,Kapellenweg 6; 81371 München,+49 89 767769336,bewerbung@runds.de,runds.de,Sehr gute Erreichbarkeit,Nein,Ja
182,S² Beratende Ingenieure ,Ingenieurberatung,,,,,,X,Barbing,Building Products & Processes,,,Sarchinger Feld 1; 93092 Barbing,+49 9401 52840,team@s2bi.de,www.s2bi.de,,,
183,Safran Passenger Innovations Germany GmbH,Luftfahrt / Militär,,,X,,,,Gilching,Industrial Engineering,,,Friedrichshafener Str. 410; 82205 Gilching,,,www.safran-group.com,,,
184,Schaller Bau GmbH ,Bau / Bauwesen,,,,,,X,Deggendorf,Building Products & Processes,,Fritz Schaller,Altholzstraße 40; 94469 Deggendorf,+49 991 7733,jobs@schaller-bau.com,www.schaller-bau.com,,,
185,Schlagmann Poroton GmbH & Co. KG ,Baustoffe,,,X,,X,,Zeilarn,Energy Systems Engineering; Industrial Engineering; Building Products & Processes; Bau- und Umweltingenieurwesen,,,Ziegeleistraße 1; 84367 Zeilarn,+49 8572 170,info@schlagmann.de,www.schlagmann.de,,,
186,Schlemmer Prozess Systeme GmbH,Automatisierungstechnik,X,,,,,,Deggendorf,Elektro- und Informationstechnik; Mechatronik,10,Geschäftsführung - Andreas Lindhuber,Greising 40; 94469 Deggendorf,+49 991 290960,info@sps-gmbh.de,sps-gmbh.de,Gute Erreichbarkeit,Nein,Nein
187,SCHOTT AG Landshut,Spezialglas / Glaskeramik,X,,,,,,Landshut; Mainz; international,Elektro- und Informationstechnik; Maschinenbau; Betriebswirtschaft,17400,HR - Nina Ernst,Prof.-Schott-Str. 1; 84034 Landshut,+49 871 826365,nina.ernst@schott.com,schott.com,Sehr gute Erreichbarkeit,Nein,Ja
188,Schütz GmbH & Co. KGaA,Verpackungssysteme ,,,,,,X,Simbach am Inn; Selters; international,Industrial Engineering; Energy Systems Engineering; Elektro- und Informationstechnik,8000,Susanne Schneider,Heraklithstraße 1b; 84359 Simbach am Inn,+49 2626 771360,susanne.schneider@schuetz.net,www.schuetz.net,,,
189,SENNEBOGEN Maschinenfabrik GmbH,Maschinenbau,X,,,,,,Straubing; Steinach; Wackersdorf,Energy Systems Engineering; Maschinenbau; Elektro- und Informationstechnik; Mechatronik,2200,Personalabteilung - Verena Trum,Hebbelstraße 30; 94315 Straubing,+49 9421 5400,onlinebewerbung@sennebogen.de,sennebogen.com/karriere,Gute Erreichbarkeit,Ja,Ja
190,SERKEM GmbH,IT / Dienstleistungen,X,,,,,,Eging a. See; Passau,Informatik; Künstliche Intelligenz; Betriebswirtschaft,80,Christina Eder,Kollmering 14; 94535 Eging a. See,+49 8544 972600,bewerbung@serkem.de,serkem.de,Gute Erreichbarkeit,Nein,Ja
191,Sesotec GmbH,Maschinenbau,X,,,,,,Schönberg; international,Elektro- und Informationstechnik; Industrial Engineering; Maschinenbau,650,HR - Lena Öttl,Regener Straße 130; 94513 Schönberg,+49 8554 3081840,sesotechr@sesotec.com,sesotec.com,Erreichbarkeit mit erhöhtem Aufwand,Nein,Ja
192,Siemens Healthineers Deutschland,,,,X,,,,Erlangen,Health Informatics,,,,,,,,,
193,Siltronic AG,Siliziumverarbeitung,,,X,,,,Burghausen,Health Informatics; Industrial Engineering,,,Johannes-Hess-Straße 24; 84489 Burghausen,+49 8677 9060,karriere@siltronic.com,www.siltronic.com,,,
194,Sixt GmbH & Co. Autovermietung KG,Verkehr / Tourismus,X,,,,,,international,International Tourism Management; Business Admin & Service Management; Betriebswirtschaft,9000,Talent Marketing - Mareike Sahm,Zugspitzstraße 1; 82049 Pullach,+49 89 744440,talents@sixt.com,sixt.jobs,Gute Erreichbarkeit,Ja,Ja
195,S. Grabmeier GmbH,Metallbau,,,,,,X,Gangkofen,Industrial Engineering; Betriebswirtschaft,50,Lena Geyer,Industriesiedlung 11; 84140 Gangkofen,+49 8722 965920,lena.geyer@sgrabmeier.de,www.sgrabmeier.de,,,
196,smart-plm Aigner GmbH & Co. KG,IT,X,,,,,,Mitterskirchen,Informatik,20,Michaela Lehner,Erlenweg 3; 84335 Mitterskirchen,+49 8725 966600,michaela.lehner@smart-plm.com,smart-plm.com,Gute Erreichbarkeit,Nein,Nein
197,Smurfit Westrock GmbH,Verpackungsbranche,X,,,,,,Feucht; Neuburg; Plattling; Zwiesel,Industrial Engineering; Elektro- und Informationstechnik; Mechatronik; Betriebswirtschaft,100000,HR Region Süd - Andrea Schug,Industriestraße 91; 90537 Feucht,+49 9128 406171,andrea.schug@smurfitwestrock.de,smurfitwestrock.com,Gute Erreichbarkeit,Ja,Ja
198,Sonplas GmbH,Sondermaschinenbau,X,,,,,,Straubing,Elektro- und Informationstechnik; Maschinenbau; Künstliche Intelligenz; Mechatronik,400,Personalabteilung - Bettina Liegl,Sachsenring 57; 94315 Straubing,+49 9421 92750,jobs@sonplas.de,sonplas.de,Gute Erreichbarkeit,Nein,Ja
199,Sonnenburg Electronic AG,Elektrotechnik,,,X,,,,Eggenfelden,Industrial Engineering,,,Lauterbachstraße 45; 84307 Eggenfelden,+49 8721 95880,info@sonnenburg.de,www.sonnenburg.de,,,
200,Sonnleitner Holzbauwerke GmbH & Co. KG,Bau / Bauwesen,,,,,,X,Ortenburg,Building Products & Processes; Healthy & Sustainable Buildings,,,Afham 5; 94496 Ortenburg,+49 8542 96110,bewerbung@sonnleitner.de,www.sonnleitner.de,,,
201,Spitzenberger & Spies GmbH & Co. KG,Elektrotechnik,X,,,,,,Viechtach,Industrial Engineering; Elektro- und Informationstechnik,70,Entwicklung - Martin Kufner,Schmidstraße 32-34; 94234 Viechtach,+49 9942 9560,bewerbung@spitzenberger.de,spitzenberger.de,Gute Erreichbarkeit,Ja,Ja
202,Sport- & Wellneshotel Angerhof,Hotellerie,,X,,,,,St. Englmar,International Tourism Management; Business Admin & Service Management,,,Am Anger 38; 94379 St. Englmar,+49 9965 1860,hotel@angerhof.de,www.angerhof.de,,,
203,Staatliches Bauamt Passau,Bau / Öffentlicher Dienst,X,,,,,,Passau; Deggendorf; Passau; Vilshofen,Bau- und Umweltingenieurwesen; Elektro- und Informationstechnik; Maschinenbau,500,Julia Hartl,Am Schanzl 2; 94032 Passau,+49 851 50171919,bewerbungen@stbapa.bayern.de,stbapa.bayern.de,Gute Erreichbarkeit,Nein,Nein
204,Stadtmarketing Regensburg e.V.,Marketing,,,X,,,,Regensburg,International Tourism Management,,,Wahlenstraße 17; 93047 Regensburg,+49 941 60096710,m.quast@stadtmarketing-regensburg.de,www.stadtmarketing-regensburg.de,,,
205,"Starkstrom-Gerätebau GmbH (SGB-SMIT Group)",Elektrotechnik / Energietechnik,X,,,,,,international,Energy Systems Engineering; Industrial Engineering; Betriebswirtschaft; Elektro- und Informationstechnik,3500,Personalwesen - Annalena Ederer,Ohmstraße 10; 93055 Regensburg,+49 941 78410,annalena.ederer@sgb-smit.group,sgb-smit.com,Sehr gute Erreichbarkeit,Ja,Ja
206,Stela Laxhuber GmbH,Maschinenbau,X,X,X,,,,Massing,Mechatronik; Bau- und Umweltingenieurwesen; Maschinenbau; Elektro- und Informationstechnik,270,Personalwesen - Sabrina Oßner,Laxhuberplatz 1; 84323 Massing,+49 8724 8990,personal@stela.de,stela.de,Sehr gute Erreichbarkeit,Ja,Ja
207,Stockner Solar,Energietechnik / Photovoltaik,,,X,,,,Winhöring,Energy Systems Engineering,,,August-Unterholzner-Straße 22; 84543 Winhöring,+49 8671 9589836,info@stockner-solar.de,www.stockner-solar.de,,,
208,STRABAG AG ,Straßenbau / Baukonzern,,,,,,X,Burghausen,Building Products & Processes,,,Gewerbepark Lindach A 7; 84489 Burghausen,+49 8677 96740,,,,,
209,"Strama-MPS Maschinenbau GmbH & Co. KG",Sondermaschinenbau,X,,,,,,deutschlandweit; international,Mechatronik; Maschinenbau; Elektro- und Informationstechnik; Informatik,1800,Susanne Solfrank,Ittlinger Straße 195; 94315 Straubing,+49 9421 739312,susanne.solfrank@strama-mps.de,strama-mps.de/karriere,Gute Erreichbarkeit,Ja,Ja
210,Südluft Systemtechnik GmbH,Metallindustrie / Lüftungstechnik,X,,,,,,Plattling,Maschinenbau,162,Technik / Produktentwicklung - Olaf Triebe,Robert-Bosch-Str. 6; 94447 Plattling,+49 9931 9179544,studium@suedluft.de,suedluft.de,Gute Erreichbarkeit,Ja,Nein
211,Swietelsky-Faber GmbH,Bau / Bauwesen,X,,,,,,Freilassing; Nürnberg,Bau- und Umweltingenieurwesen; Maschinenbau,350,Johanna Eder,Görlitzer Str. 9-11; 83395 Freilassing,+49 8654 77980,freilassing@swietelsky-faber.de,swietelsky-faber.com,Gute Erreichbarkeit,Ja,Ja
212,T.CON GmbH & Co. KG,IT / Dienstleistungen,X,,,,,,Plattling; Passau; Regensburg; deutschlandweit,Informatik; Betriebswirtschaft,450,Selina Zistler,Straubinger Str. 2; 94447 Plattling,+49 9931 981100,karriere@team-con.de,tcon.com,Sehr gute Erreichbarkeit,Nein,Ja
213,Tebis Technische Informationssysteme AG,IT / Software,,,X,,,,München,Health Informatics,,,Einsteinstraße 39; 82152 Planegg,+49 89 818030,bewerbung@tebis.com,www.tebis.com,,,
214,Techniker Krankenkasse,Krankenversicherung,X,X,,,,,deutschlandweit,Betriebswirtschaft; Public Management; Health Informatics; Global Public Health,15000,Vertrieb Hochschule - Eugen Theurer,Am BioPark 13; 93053 Regensburg,+49 151 14534805,eugen.theurer@tk.de,tk.de,Sehr gute Erreichbarkeit,Ja,Nein
215,Technologie-Zentrum Energie - HS Landshut,Energietechnik,,,X,,,,Ruhrstorf a. d. Rott,Energy Systems Engineering,,,Wiesenweg 1; 94099 Ruhstorf an der Rott,+49 8531 9140440,,www.haw-landshut.de,,,
216,Thyracont Vacuum Instruments GmbH,Elektronik / Vakuummesstechnik,X,,,,,,Passau,Elektro- und Informationstechnik; Informatik,50,Kristina Putz,Max-Emanuel-Str. 10; 94036 Passau,+49 851 959860,info@thyracont.de,thyracont.de,Gute Erreichbarkeit,Ja,Nein
217,TUI ReiseCenter,Touristik,,,,,,X,Eggenfelden; international,International Tourism Management; Business Admin & Service Management,,Herr Obermayer ,Spitalpl. 2; 84307 Eggenfelden,+49 8721 12550,eggenfelden1@tui-reisecenter.de,https://careers.tuigroup.com/de,,,
218,TÜV SÜD Gruppe,Technische Dienstleistungen,X,,,,,,international,Bau- und Umweltingenieurwesen; Maschinenbau; Elektro- und Informationstechnik,30000,TÜV SÜD Recruiting,Westendstraße 199; 80686 München,+49 89 57912619,jobs@tuvsud.com,tuvsud.com,Sehr gute Erreichbarkeit,Ja,Ja
219,Unterreiner Forstgeräte GmbH,Sondermaschinenbau / Forstmaschinen,,,,,,X,Julbach,Industrial Engineering; Maschinenbau,140,Manuela Unterreiner,Bahnweg 1-3; 84387 Julbach,+49 8678 74940,jobs@unterreiner.eu,www.unterreiner.eu,,,
220,UAS Messtechnik GmbH,Engineering,X,,,,,,Viechtach; international,Elektro- und Informationstechnik; Mechatronik; Maschinenbau; Bau- und Umweltingenieurwesen,50,Assistenz der Geschäftsleitung - Melanie Donaubauer,Prof.-Hermann-Staudinger-Str. 4; 94234 Viechtach,+49 9942 94860,personal@uas.de,uas.de/karriere,Ausreichende Erreichbarkeit,Ja,Ja
221,U.T.E. Ingenieur GmbH ,Ingenieurdienstleistungen,,,,,,X,Regensburg,Building Products & Processes,,,Dr.-Leo-Ritter-Straße 7; 93049 Regensburg,+49 941 46448740,,www.utegmbh.de,,,
222,VDI e. V.,Ingenieurwesen / Netzwerk,X,,,,,,deutschlandweit,Energy Systems Engineering; Industrial Engineering; Elektro- und Informationstechnik; Bau- und Umweltingenieurwesen,140,Sebastian Nakötter,VDI-Platz 1; 40468 Düsseldorf,+49 211 6214600,nakoetter@vdi.de,vdi.de,Sehr gute Erreichbarkeit,Nein,Nein
223,"VERBUND Innkraftwerke GmbH und Grenzkraftwerke GmbH",,,,,,,X,Simbach am Inn; Stammham; bayernweit,Energy Systems Engineering; Industrial Engineering; Bau- und Umweltingenieurwesen,3000,Simon Rottner,Innstraße 20; 84513 Töging am Inn,,office.hpr@verbund.com,https://www.verbund.com/de,,,
224,Wadle Bauunternehmung ,Bau / Bauwesen,,,,,,X,Essenbach,Building Products & Processes,,Katharina Eberl,Oskar-von-Miller-Straße 8; 84051 Essenbach,+49 8703 93980,wadle.altheim@wadle.de,www.wadle.de,,,
225,Walter Bauer GmbH & Co. KG ,Bau / Bauwesen,,,,,,X,Runding,Building Products & Processes,,Sabine Fischer,Industriestraße 1; 93486 Runding,+49 9971 995160,personal@wb-bauer.de,www.wb-bauer.de,,,
226,Wasserwirtschaftsamt Deggendorf,Behörde / Umwelt,X,,,,,,Deggendorf,Bau- und Umweltingenieurwesen,300,Personal - Gerald Poxleitner,Detterstraße 20; 94469 Deggendorf,+49 991 25040,poststelle@wwa-deg.bayern.de,wwa-deg.bayern.de,Sehr gute Erreichbarkeit,Nein,Nein
227,Wayss & Freytag Ingenieurbau AG,Baubranche,X,,,,X,,Passau; München; deutschlandweit,Bau- und Umweltingenieurwesen,1400,Recruiting - Thomas Alexander,Heesenstraße 31; 40549 Düsseldorf,+49 172 3579906,thomas.alexander@wf-ib.de,karriere.wf-ib.de,Ausreichende Erreichbarkeit,Ja,Ja
228,Weiss Elektrotechnik GmbH,Energietechnik / Transformatoren,,,,,,X,Johanniskirchen,Energy Systems Engineering,70,Susanne Rogau,Hofmarkstraße 2; 84381 Johanniskirchen,+49 8564 962990,karriere@weiss-trafo.de,www.weiss-trafo.de,,,
229,"WIGES Wasserbauliche Infrastrukturgesellschaft mbH",Bau / Bauwesen,X,,,,,,Deggendorf; München,Bau- und Umweltingenieurwesen,140,PR - Dominik Zehatschek,Blutenburgstraße 20; 80636 München,+49 89 99222320,dominik.zehatschek@wiges-gmbh.de,wiges-gmbh.de,Sehr gute Erreichbarkeit,Nein,Nein
230,"Wirtschaftsförderungsgesellschaft Landkreis Cham mbH ",Netzwerk / Mechatronik,X,,,,,,Cham,Mechatronik; Künstliche Intelligenz,4,Franziska Schrott,Rachelstraße 6; 93413 Cham,+49 9971 78440,mcnetz@lra.landkreis-cham.de,www.mc-netz.de,Ausreichende Erreichbarkeit,Nein,Nein
231,Wolf Ingenieurbüro GmbH ,Ingenieurdienstleistungen,,,,,,X,Grafenau,Building Products & Processes,,,Freudenhain 10; 94481 Grafenau,+49 8555 96020,info@ibwolf.com,www.ibwolf.com,,,
232,Wolf GmbH,Energietechnik / Wärmepumpen, ,,,,,X,Mainburg,Energy Systems Engineering,,,,,,,,,
233,Wolf System GmbH ,Bausysteme,,,,,,X,Osterhofen,Building Products & Processes,,,Am Stadtwald 20; 94486 Osterhofen,+49 9932 370,karriere@wolfsystem.de,www.wolfsystem.de,,,
234,ZECH Bau SE ,Bau / Bauwesen,,,,,,X,Germering,Building Products & Processes,,Lisa Baumann,Gabriele-Münter-Straße 1; 82110 Germering,,Lbaumann@zechbau.de,www.zechbau.de,,,
235,"Zentrum für Akademische Weiterbildung - THD",Weiterbildung,X,,,,,,Deggendorf,Betriebswirtschaft; Informatik; Public Management,25,Peter Apfelbeck,Dieter-Görlitz-Platz 1; 94469 Deggendorf,+49 991 3615425,peter.apfelbeck@th-deg.de,th-deg.de/weiterbildung,Sehr gute Erreichbarkeit,Nein,Nein
236,Zentrum für Entrepreneurship - Startup Campus THD,Startups / Entrepreneurship,X,,,,,,Deggendorf,(keine spezifischen Studiengänge),8,Startup Campus,Dieter-Görlitz-Platz 1; 94469 Deggendorf,+49 991 3615593,startupcampus@th-deg.de,th-deg.de/existenzgruendung,Sehr gute Erreichbarkeit,Nein,Nein
237,Zimmerei Hermann Moser,Bau / Holzbau,,,,,,X,Pfarrkirchen,Building Products & Processes; Healthy & Sustainable Buildings,,,Gambacher Weg 1; 84347 Pfarrkirchen,+49 8561 9877930,info@zimmerei-moser.de,www.zimmerei-moser.de,,,
238,Zimmerei Franz Edmeier,Bau / Holzbau,,,,,,X,Pfarrkirchen,Building Products & Processes; Healthy & Sustainable Buildings,,,Altersham 53; 84347 Pfarrkirchen,+49 8561 983330,info@zimmerei-edmaier.de,www.zimmerei-edmaier.de,,,
239,Zollner Elektronik AG,Elektrotechnik,X,,,,,,Zandt; international,Elektro- und Informationstechnik; Mechatronik,13000,Thomas Wiederer,Manfred-Zollner-Str. 1; 93499 Zandt,+49 9944 2018688,thomas.wiederer@zollner.de,zollner.de,Ausreichende Erreichbarkeit,Ja,Ja
240,Zwiesel Fortessa AG,Industrie,X,,,,,,Zwiesel,Industrial Engineering; Maschinenbau; Bau- und Umweltingenieurwesen; Betriebswirtschaft,650,Servicebereich Personal - Sabrina Lemberger,Dr.-Schott-Str. 35; 94227 Zwiesel,+49 9922 98157,s.lemberger@zfg-de.com,zwieselfortessa.com,Sehr gute Erreichbarkeit,Ja,Ja
