id,name,branche,standorte,adresse,telefon,email,website,latitude,longitude,fachbereiche
1,4process AG,IT,Passau,"Dr.-Emil-Brichta-Str. 3a, 94036 Passau",+49 851 490610,karriere@4process.de,www.4process.de,48.5557242,13.4137847,
2,59engineers GmbH,IT / Software,München,"Balanstraße 59, 81541 München",+49 8752 866814,ramona.wallhoffen@centum-amm.com,www.59engineers.com,48.1226724,11.5994801,
3,ABC Vermögensverwaltung GmbH - Vital Camp Bayerbach,Hotellerie / Gastronomie,Bayerbach,"Huckenham 11, 94137 Bayerbach",+49 8532-9278070,marketing@vitalcamping-bayerbach.de,www.vitalcamping-bayerbach.de,48.4142554,13.1289588,
4,actago GmbH,Beratung / Consulting,Landau an der Isar,"Weidenstr. 66, 94405 Landau a.d. Isar",+49 9951 9999061,karriere@actago.de,actago.de,48.6858012,12.6806084,
5,ADLink Technology GmbH - Healthcare Business Center,IT / Embedded Computing,Deggendorf,"Ulrichsbergerstraße 17, 94469 Deggendorf",+49-991-29094-10,info.deg@adlinktech.com,https://www.adlinktech.com,48.846777,12.9635144,
6,Agentur für Arbeit,Öffentlicher Dienst,Pfarrkirchen,"Hindenburgstr. 32-34, 94469 Deggendorf",+49 911 1796277,deggendorf.pressemarketing@arbeitsagentur.de,arbeitsagentur.de/vor-ort/deggendorf,48.8368981,12.956903,
7,AKE technologies GmbH,Automatisierungstechnik,Passau,"Adolf-Höllinger-Straße 3, 94034 Passau",+49 851 955840,info@ake-technologies.de,www.ake-technologies.de,48.6049495,13.4168321,
8,alpetour Touristische GmbH,Touristik,Starnberg,"Josef-Jägerhuber-Str. 6, 82319 Starnberg",+49 8151 775320,j.sarter@alpetour.de,alpetour-touristik.de,48.0003665,11.3448194,
9,Altruan GmbH,Hygienegroßhandel / Immobilien GmbH,Massing,"Morolding 6 , 84323 Massing",,karriere@altruan.de,www.altruan.de,48.4183779,12.6010965,
10,Ameos Klinikum Inntal,Gesundheitswesen / Psychosomatik,Simbach am Inn,"Jakob-Weindler-Straße 1, 84359 Simbach am Inn",+49 8571 9850,walter.unterhuber@ameos.de,www.ameos.eu,48.2638154,13.0140616,
11,AnBau GmbH,Bauingenieurwesen,Lindau,"Giebelbachstraße 18, 88131 Lindau",+49 8382 409796,info@anbau.info,www.anbau.info,47.5558317,9.6803051,
12,Andreas Dierl Bauunternehmen,Bau / Bauwesen,Pfarrkirchen,"Haberbach 7, 84347 Pfarrkirchen",+49 8561 911485,info@dierl-bau.de,www.dierl-bau.de,48.4627512,12.9772679,
13,AOK Bayern - Direktion Passau-Rottal-Inn,Krankenversicherung,Pfarrkirchen,"Schäfflerstraße 16, 84347 Pfarrkirchen",+49 8561 230,julia.zauner@by.aok.de christiane.niedermeier@by.aok.de,www.aok.de/karriere,48.4311262,12.9430722,
14,Apfelböck Ingenieurbüro GmbH,Ingenieurbüro,Landau an der Isar,"Fleischgasse 26, 94405 Landau a.d. Isar",+49 9951 984468,jessica.benkert@ing-apfelboeck.de,ing-apfelboeck.de,48.6698729,12.693189,
15,APIS Informationstechnologien GmbH,IT / Software,Wörth an der Donau,"Gewerbepark A 13, 93086 Wörth an der Donau",+49 9482 94150,info@apis.de,www.apis.de,49.0044127,12.3681679,
16,Appia Contract GmbH,Bau / Innenausbau,Dietersburg,"Dorfstraße 20, 84378 Dietersburg/Peterskirchen",+49 8565 96100,personal@appia-contract.com,appia-contract.com,48.5122361,13.0076969,
17,Aptar Freyung GmbH,Verpackungssysteme,Freyung,"Gewerbegebiet Linden, Löfflerstraße 1, 94078 Freyung",+49 8551 9750,karriere.fre@aptar.com,www.aptar.com,,,
18,Asklepios Klinik,Gesundheitswesen / Hotellerie,Bad Griesbach,"Ludwigpromenade 6, 94086 Bad Griesbach",+49 8532 980 603,m.niggl@asklepios.com,www.stwolfgang.de,48.4276669,13.1830887,
19,ASP Steuerberatungsgesellschaft Schrattenberger & Partner mbB,Steuerberatung,Plattling,"Straubinger Str. 26, 94447 Plattling",+49 9931 915121,info@schrattenberger-partner.de,schrattenberger-partner.de,48.7857355,12.8540856,
20,ATOMA Verwaltungs GmbH & Co. KG,Maschinenbau,Waldkraiburg,"Traunreuter Str. 2-4, 84478 Waldkraiburg",+49 8638 961580,peopleandculture@atoma-multipond.de,multipond.com,48.2176939,12.4132725,
21,Audi AG,Automobilindustrie,Ingolstadt,,,,,51.4323195,6.7707424,
22,AUMOVIO Germany GmbH,Automobilzulieferer,Regensburg,"Siemensstr. 12, 93055 Regensburg",+49 941 79094340,franziska.gschwendtner@aumovio.com,aumovio.com,49.0075291,12.1440188,
23,AutomationsRobotic GmbH,Automatisierungstechnik / Sondermaschinenbau,Massing,"Boschstraße 2, 84323 Massing",+49 8724 9667170,karriere@ar-gmbh.eu,www.ar-gmbh.eu,48.3979918,12.6191825,
24,AVS Römer GmbH & Co. KG,Metallindustrie,Grafenau,"Reismühle 3, 94481 Grafenau",+49 8552 4076434,barbara.junker@avs-roemer.de,avs-roemer.de,48.8754414,13.3972233,
25,AWO Soziale Dienste GmbH,Soziale Arbeit,Straubing,"Wittelsbacherhöhe 19, 94315 Straubing",+49 9421 997918,pfeffer@awo-straubing.de,awo-straubing.de,48.8736143,12.5609481,
26,Bachner Elektro GmbH & Co. KG,Elektrotechnik / Energietechnik,Mainburg,,,,,51.4323195,6.7707424,
27,Baierl & Demmelhuber Innenausbau GmbH,Innenausbau,international,"Cranachstraße 5, 84513 Töging am Inn",+49 8631 90015663,marketing@demmelhuber.de,karriere.demmelhuber.de,48.268884,12.6044346,
28,BARTEC BENKE GmbH,Ex-Schutz / Metrologie,Gotteszell,"Schulstraße 30, 94239 Gotteszell",+49 9929 301211,Ingrid.Schreiner@bartec.com,bartec.com,48.9596392,12.9750136,
29,Bau-Institut für Ressourceneffizientes und Nachhaltiges Bauen GmbH,Bauingenieurwesen,Bamberg,"Lichtenhaidestraße 11A, 96052 Bamberg",+49 951 9933930,info@bau-irn.de,bau-irn.com,49.9050584,10.8831855,
30,Bayerische Polizei,Sicherheitsbehörde,bayernweit,"Hans-Krämer-Straße 65, 94469 Deggendorf",+49 991 3896170,einstellungsberatung-straubing@polizei.bayern.de,team.polizei.bayern.de,48.8288672,12.9617795,
31,Bayrischer Hotel- und Gaststättenverband DEHOGA Bayern e.V.,Hotellerie / Gastronomie,deutschlandweit,"Türkenstr. 7, 80333 München",+49 89 287600,,www.dehoga-bayern.de,48.1451113,11.5721197,
32,Bayernwerk Netz GmbH,Energieversorgung,Eggenfelden,"Lilienthalstraße 7, 93049 Regensburg",,talentaquisition@bayernwerk.de,bayernwerk.de,49.0189477,12.0565876,
33,beraten und planen Holding GmbH,Bau / Bauwesen,Burglengenfeld,"Kreuzbergweg 1a, 93133 Burglengenfeld",+49 9471 7016 0,karriere@beraten-planen.de,www.beraten-planen.de,49.2057073,12.0406149,
34,Berger Bau SE,Bau / Bauwesen,Passau,"Äußere Spitalhofstraße 19, 94036 Passau",+49 851 8061171,andreas.stadler@bergerbau.eu,bergerholding.eu,48.5709502,13.4078613,
35,Bezirksklinikum Mainkofen,Gesundheitswesen,Pfarrkirchen,"Mainkofen A3, 94469 Deggendorf",+49 9931 8733190,jobs@mainkofen.de,mainkofen.de,48.8074171,12.897538,
36,BMW Group,Automobilindustrie,Dingolfing,"Parkring 19, 85748 Garching bei München",+49 151 26752461,amelie.sopper@bmw.de,bmwgroup.com,48.2518803,11.6376189,
37,Bosch,,Lohr am Main,,,,,51.4323195,6.7707424,
38,b-plus GmbH,Elektrotechnik / Automotive,Deggendorf,"Ulrichsberger Straße 17, 94469 Deggendorf",+49 991 2703020,mycareer@b-plus.com,b-plus.com,48.846773,12.9641314,
39,BPM Bau- und Projektmanagement Hartl GmbH,Projektsteuerung,Pfarrkirchen,"Schellberg 1, 84347 Pfarrkirchen",+49 8561 9290990,karriere@bpm-gmbh.de,bpm-gmbh.de,48.4186336,12.9518106,
40,B&R Industrial Automation GmbH,Automatisierungstechnik,Eggelsberg,B&R Industrial Automation GmbH,+43 7748 65860,office.br@abb.com,www.br-automation.com,,,
41,Brunthaler Massivholzbau,Bau / Holzbau,Egglham,"Pfarrkirchener Str. 31, 84385 Egglham",+49 8543 6240400,bewerbung@brunthaler.bayern,www.brunthaler-massivholzhaus.com,48.5245825,13.0435444,
42,BSH Hausgeräte GmbH,Küchengeräte,Traunreut,"Werner-von-Siemens-Straße 200, 83301 Traunreut",+49 8669 300,,www.bsh-group.com,47.9586458,12.6091024,
43,Bundeswehr - Karriereberatung,Regierungsbehörde,bundesweit,"Graflinger Straße 83, 94469 Deggendorf",+49 991 203270,KarrBBDeggendorf@bundeswehr.org,bundeswehrkarriere.de,48.8466631,12.9568836,
44,Caverion Deutschland GmbH,Gebäudetechnik,Passau,"Dr.-Fritz-Ebbert-Straße 1, 94034 Passau",+49 851 98691900,personal.de@caverion.com,www.caverion.de,48.585495,13.491252,
45,CAT Production GmbH,IT / Multimedia,München,,,,,51.4323195,6.7707424,
46,CipSoft GmbH,Gamesbranche,Regensburg,"Prüfeninger Str. 20, 93049 Regensburg",+49 941 630828300,jobs@cipsoft.com,cipsoft.com,49.0180473,12.079666,
47,citema group GmbH,IT / Software,Grasbrunn bei München,"St.-Ottilien-Weg 11, 85630 Grasbrunn",+49 8106 3560315,karriere@citema.de,citema.de,48.0765301,11.7726427,
48,congatec GmbH,Elektronik,Deggendorf,"Auwiesenstraße 5, 94469 Deggendorf",+49 991 27000,info@congatec.com,congatec.com,48.8487789,12.9807429,
49,Consilia GmbH & Co. KG,Beratung / Consulting,Passau,"Nibelungenplatz 1, 94032 Passau",+49 851 956520,bewerbung@consilia.de,consilia.de,48.5722932,13.4567187,
50,COPLAN AG,Architektur und Ingenieurbau,Eggenfelden,"Hofmark 35, 84307 Eggenfelden",+49 8721 705458,markus.fischer@coplan-online.de,coplan-online.de,48.4002743,12.7763794,
51,CSA Group Bayern GmbH,Elektrotechnik,Plattling,"Straubinger Straße 100, 94447 Plattling",+49 151 14853738,franziska.ernst@csagroup.org,csagroup.org,48.7871755,12.8507241,
52,Curacon GmbH,Beratung / Consulting,München,"Riedenburger Str. 7, 81677 München",+49 89 99275790,karriere@curacon.de,www.curacon.de,48.1370826,11.6238424,
53,dab - Daten-Analysen & Beratung GmbH,Softwareentwicklung,Deggendorf,"Hans-Obser-Straße 12, 94469 Deggendorf",+49 991 99135862,theresa.poschinger@dab-gmbh.de,dab-europe.com,48.8286078,12.9580136,
54,Daimler Truck AG,,Stuttgart,,,,,51.4323195,6.7707424,
55,db-matik AG,Automatisierungstechnik,Roding,"Turonstraße 13, 93426 Roding",+49 9461 638810,jobs@db-matik.de,www.db-matik.de,49.2129818,12.4882238,
56,DEKRA Automobil GmbH,Technische Dienstleistungen,deutschlandweit,"Handwerkstraße 15, 70565 Stuttgart",+49 711 78612017,recruiting@dekra.com,dekra.de,48.7201414,9.1304527,
57,De Software & Control GmbH,IT / Software,Dingolfing,"Mengkofener Str. 21, 84130 Dingolfing",+49 8731 37970,info@de-gmbh.com,www.de-group.net,48.6464645,12.4791923,
58,Deutsche Bahn AG,Transport und Logistik,deutschlandweit,"Europaplatz 1, 10557 Berlin",+49 160 97469346,db-hochschulkooperation@deutschebahn.com,db.jobs,52.5251951,13.3693321,
59,Deutsche Lufthansa AG,,München,,,,,51.4323195,6.7707424,
60,Deutsches Herzzentrum München - TUM Uniklinikum,,München,,,,,51.4323195,6.7707424,
61,Dichtungstechnik Wallstabe & Schneider GmbH & Co. KG,Automobilzulieferer,Niederwinkling,"Straße der Dichtungstechnik 2, 94559 Niederwinkling",+49 9962 201174,sonja.zeidler@wallstabe-schneider.de,wallstabe-schneider.de,48.883257,12.7898585,
62,Diözese Passau KdöR,Kirchliche Jugendarbeit,Passau,"Hauptstr. 63a, 94486 Osterhofen",+49 151 55395620,waltraud.wagner@bistum-passau.de,bja.bistum-passau.de,48.6930978,13.0211521,
63,Dr. Kittl & Partner GmbH,Beratung / Consulting,Deggendorf,"Bahnhofstraße 41, 94469 Deggendorf",+49 991 320138737,wp@kittl-partner.de,kittl-partner.de,48.8346276,12.9566195,
64,DRÄXLMAIER Group,Automobilindustrie,Vilsbiburg,"Landshuter Str. 100, 84137 Vilsbiburg",+49 8741 476662,studierende@draexlmaier.com,draexlmaier.com,48.4535522,12.3408377,
65,EBB Ingenieurgesellschaft mbH,Ingenieurbüro / Bauwesen,Zeitlarn,"Am Sandacker 2, 93197 Zeitlarn",+49 941 20040,karriere@ebb-ingenieure.de,ebb-ingenieure.de,49.0910716,12.1224758,
66,Ed. Züblin AG,Bau / Bauwesen,Pocking,"Albstadtweg 3, 70567 Stuttgart",+49 711 78837071,sandra.ebner@zueblin.de,www.zueblin.de,48.727762,9.1325307,
67,Einhell Germany AG,Industrie,Landau a.d. Isar,"Wiesenweg 22, 94405 Landau a.d. Isar",+49 9951 942560,jennifer.gran@einhell.com,karriere.einhell.de,48.6865735,12.699835,
68,Engie Deutschland GmbH,Energiebranche,deutschlandweit,"Hans-Obser-Straße 12, 94469 Deggendorf",+49 991 98293060,philipp.stockbauer-muhr@engie.com,engie-deutschland.de,48.8286078,12.9580136,
69,engineering people GmbH,Engineering,deutschlandweit,"Südwestpark 60, 90449 Nürnberg",+49 911 239560300,nl_nuernberg@ep-group.de,ep-group.de,49.4294937,11.0174366,
70,Ensana,Hotellerie / Wellness / Gastronomie,europaweit,"15000 Prague, Karla Englise 4",+42 0702227628,fhalmos@ensanahotels.com,www.ensanahotels.com,,,
71,‍EPEA GmbH – Part of Drees & Sommer,Bauingenieurwesen,Stuttgart,"Ob. Waldplätze 12, 70569 Stuttgart",+49 40 4313490,epea@epea.com,www.epea.com,48.7297087,9.0819606,
72,Erform GmbH,Bau / Holzbau,Simbach am Inn,"Heraklithstraße 9, 84359 Simbach am Inn",+49 8571 60390,w.marketz@erform.de,www.erform.de,48.2573887,13.0081734,
73,ERL Immobiliengruppe,Immobilienbranche,Deggendorf,"Oberer Stadtplatz 18, 94469 Deggendorf",+49 991 3706010,t.ebenbeck@erl.de,www.erl.de,48.8349436,12.9629574,
74,EurA AG,Beratung / Consulting,Pfarrkirchen,"Passauer Str. 9, 84347 Pfarrkirchen",+49 8561 9181781,bewerbung@eura-ag.de,www.eura-ag.com,48.4327698,12.9506518,
75,Eurotours Deutschland Ges.m.b.H.,Touristik,Garching,"Parkring 2/EG, 85748 Garching bei München",+49 89 24883710,people.culture@verkehrsbuero.com,www.eurotours.at,48.2519756,11.6354824,
76,Finn GmbH,Automobilindustrie / Vermietung,München,"Prinzregentenplatz 9, 81675 München",+49 89 143770064,,www.finn.com/de-DE,48.1402532,11.6055614,
77,Firmenherz Marketing GmbH und Co. KG,Marketing,Deggendorf,"Bräugasse 1, 94469 Deggendorf",+49 991 38313835,info@firmenherz.de,www.firmenherz.de,48.8328552,12.9627068,
78,Ford,,,,,,,51.4323195,6.7707424,
79,FotoFinder Systems GmbH,Elektrotechnik / Medizinprodukte,Bad Birnbach,"Industriestraße 12, 84364 Bad Birnbach",+49 8563 977200,jobs@fotofinder.de,www.fotofinder.de,48.4386035,13.0935826,
80,Fraunhofer-Institut für Kognitive Systeme IKS,,München,,,,,51.4323195,6.7707424,
81,Fraunhofer-Institut für Solarenergiesysteme ISE,,Freiburg im Breisgau,,,,,51.4323195,6.7707424,
82,Frischhut GmbH und Co. KG,Metallindustrie,Pfarrkirchen,"Franz-Stelzenberger-Straße 9-17, 84347 Pfarrkirchen",+49 8561 30080,hr@frischhut.de,www.frischhut.de,48.4182232,12.9366461,
83,Fritsche und Partner mbB,Bauingenieurwesen,Deggendorf,"Westlicher Stadtgraben 30b, 94469 Deggendorf",+49 991 3721270,info@fritsche-ingenieure.de,fritsche-ingenieure.de,48.8330794,12.9591832,
84,FRONTERIS Energy GmbH,Energietechnik,Regensburg,"Ziegetsdorfer Str. 109, 93051 Regensburg",+49 941 9920880,zukunft@fronteris.de,www.fronteris-energie.de,49.0088445,12.0570475,
85,GEOBAY PartG mbB beratende Ingenieure,Geotechnik / Spezialtiefbau,Passau,"Thann 7, 94036 Passau",+49 851 3793260,sekretariat@geobay.eu,www.geobay.eu,48.5805467,13.4005095,
86,Geoplan GmbH,Ingenieurbüro,Burgkirchen a.d. Alz,"Donau-Gewerbepark 5, 94491 Osterhofen",+49 9932 95440,info@geoplan-online.de,geoplan-online.de,48.7130607,13.0458727,
87,GiB - Gesellschaft für innovative Bautechnologie mbH,Bautechnologie,Arnstorf,"Simbacher Str. 8, 94424 Arnstorf",+49 8723 203288,info@gib-mbh.com,www.gib-mbh.com,48.5638486,12.8039438,
88,GIMA-AM BAU GmbH,Bau / Bauwesen,Pfarrkirchen,"Hans-Wimmer-Gassl 2, 84347 Pfarrkirchen",+49 1511 0963132,gimaambaugmbh@gmail.com,www.gimaambau-gmbh.de,48.4325066,12.9372373,
89,GKC Dr. Öttl & Partner - Food and Dairy Consulting AG,IT / Lebensmittelindustrie,Eching bei Landshut,"Hofmark 6a, 84174 Eching",+49 151 50866976,j.wegele@gkc.de,gkc.eu,48.4907831,12.0532116,
90,Graphit Kropfmühl GmbH,Materialien / Bergbau,Hauzenberg,"Langheinrichstraße 1, 94051 Hauzenberg",+49 8586 6090,recruitment@gk-graphite.com,www.gk-graphite.com,48.6217992,13.659855,
91,HAGN Umwelttechnik GmbH,Bau- und Umwelttechnik,Osterhofen,"An der Römerschanze 11, 47809 Krefeld",+49 151 10564389,iman.marzak@felbermayr.cc,hagn-umwelttechnik.de,51.3297362,6.6945757,
92,Haas Fertigbau GmbH,Fertigbau / Bauwesen,Falkenberg,"Industriestraße 8, 84326 Falkenberg",+49 8727 180,bewerbung@haas-group.com,www.haas-karriere.de,48.4638152,12.7238538,
93,Hecht Wohnbau GmbH,Wohnungsbau,Grafling,"Gewerbedorf Petraching 8, 94539 Grafling",+49 991 2909430,ewittenzellner@hecht-wohnbau.de,www.hecht-wohnbau.de,48.8772038,12.9575683,
94,Henrichsen AG,IT,Straubing,"Regensburger Str. 26, 94315 Straubing",+49 9421 8109244,bewerbung@henrichsen.de,henrichsen.de,48.8809681,12.5613221,
95,Herbert Rießer Bauunternehmen GmbH,Bau / Bauwesen,Pfarrkirchen,"Franz-Stelzenberger-Straße 21, 84347 Pfarrkirchen",+49 8561 2455,www.riesser-bau.de,www.riesser-bau.de,48.4182232,12.9366461,
96,HFH Präzisionsmechanik GmbH,Metallbau / CNC-Technik,Wurmannsquick,"Am Reiterfeld 7, 84329 Wurmannsquick",+49 8725 965850,fischer@hfh-gmbh.de,www.hfh-gmbh.de,48.3729111,12.7558071,
97,Hitega Präzisionsmechanik GmbH,Metallbau / CNC-Technik,Gangkofen,"Bahnhofstraße 126, 84140 Gangkofen",+49 8722 96000,jobs.hitega@ptf-group.com,www.ptf-group.com,48.4407523,12.5505652,
98,Holzwerke Pfarrkirchen GmbH,Bauzulieferer,Pfarrkirchen,"Max-Breiherr-Straße 20, 84347 Pfarrkirchen",+49 8561 30050,bewerbung@hwpan.de,www.hwpan.de,48.4295293,12.9281886,
99,Hoock & Partner Sachverständige PartG mbB,Bausachverständige,Landshut,"Am Alten Viehmarkt 5, 84028 Landshut",+49 871 96563730,teamassistenz@hoock-partner.de,hoock-partner.de,48.5394744,12.1564162,
100,HORSCH LEEB AS GmbH,Maschinenbau / Landtechnik,Landau a.d. Isar,"Kleegartenstraße 54, 94405 Landau a.d. Isar",+49 9951 60413106,johanna.streicher@horsch.com,horsch.com,48.6850739,12.7116817,
101,Hotel Glöcklhofer,Hotellerie,Burghausen,"Ludwigsberg 4, 84489 Burghausen",+49 8677 916400,assistenz@hotel-gloecklhofer.de,hotel-gloecklhofer.de,48.1662219,12.8320442,
102,Hotel Spitzberg GbR,Hotellerie,Passau,"Neuburger Str. 29, 94032 Passau",+49 851 955480,info@hotel-spitzberg.de,www.hotel-spitzberg.de,48.5709751,13.4503812,
103,Huber & Ranner GmbH,Energietechnik / Lüftung / Kühlung,Pocking,"Gewerbering 15, 94060 Pocking",+49 8531 7050,jobs@huber-ranner.com,www.huber-ranner.com,48.4069434,13.2982246,
104,HumHub GmbH & Co. KG,IT / Software,München,"Johann-Clanze-Straße 28c, 81369 München",+49 89 416156939,info@humhub.com,www.humhub.com,48.113235,11.5328881,
105,IFB Eigenschenk GmbH,Ingenieurdienstleistungen,Deggendorf,"Mettener Straße 33, 94469 Deggendorf",+49 991 37015215,michaela.kroell@gmx.net,eigenschenk.de,48.8350911,12.9439698,
106,IGK Ingenieurgesellschaft Klein mbH,Ingenieurbüro,Pfarrkirchen,"Passauerstraße 101, 84347 Pfarrkirchen",+49 8561 23880,info@igk-klein.de,igk-klein.de,48.4327698,12.9506518,
107,IK-T GmbH Innovative Kommunikationstechnologien,Kommunikation,Regensburg,"Margaretenstraße 15, 93047 Regensburg",+49 941 2809770,info@ik-t.de,www.ik-t.de,49.0130768,12.0927871,
108,IMH Ingenieurgesellschaft für Bauwesen und Geotechnik mbH,Bau / Bauwesen,Hengersberg,"Deggendorfer Str. 40, 94491 Hengersberg",+49 9901 949050,bewerbung@imh-baugeo.de,www.imh-baugeo.de,48.7770028,13.0507279,
109,Infineon Technologies,Elektronik,Regensburg,"Wernerwerkstraße 2, 93049 Regensburg",+49 941 2026336,julia.flammersberger@infineon.com,jobs.infineon.com,49.0220861,12.0552982,
110,InfraServ GmbH & Co. Gendorf KG,Chemieindustrie,Burgkirchen an der Alz,"Industrieparkstraße 1, 84508 Burgkirchen",+49 8679 75583,jobs@infraserv.gendorf.de,infraserv.gendorf.de,48.1773295,12.7190882,
111,IB Bauer - Ingenieurbüro für elektrotechn. Gebäudeausrüstung,Ingenieurbüro,Pfarrkirchen,"Jakob-Schmid-Straße 5A, 84347 Pfarrkirchen",+49 8561 23770,info@ib-bauer-eng.de,www.ib-bauer-eng.de,48.4154974,12.9315509,
112,Ingenieurbüro HPE GmbH,Ingenieurbüro,Johanniskirchen,"Bahnzaunerweg 3b, 84381 Johanniskirchen",+49 8564 9630044,marketing@ib-hpe.de,ib-hpe.de,48.5364736,12.9477551,
113,Innowerk-IT GmbH,IT,Passau,"Dr.-Ernst-Derra-Str. 6, 94036 Passau",+49 851 560970,backoffice@innowerk-it.de,innowerk-it.de,48.5572417,13.4123018,
114,InterNations GmbH,IT / Dienstleistungen,München,"Karlsplatz 3, 80335 München",+49 89 4613324,info@internations.org,www.internations.org,48.1398765,11.5670238,
115,iTD GmbH,Gerätebau,Pfarrkirchen,"Jahnstraße 1, 84347 Pfarrkirchen",+49 89 614425100,personal@itd-cart.com,www.itd-cart.com,48.4197395,12.9326369,
116,Johannesbad Reha-Kliniken GmbH & Co. KG,Gesundheitswesen,Bad Füssing,"Johannesstraße 2, 94072 Bad Füssing",+49 8531 232184,pia.wiesenbauer@johannesbad.com,johannesbad-medizin.com,48.34899,13.3294369,
117,Josef Meier GmbH & Co. KG,Bau / Bauwesen,Rotthalmünster,"Passauer Str. 24, 94094 Rotthalmünster",+49 8533 2070,bewerbung@meier-bau.com,www.meier-bau.com,48.3586274,13.2049743,
118,Pfaffinger Bau SE,Bau / Bauwesen,Passau,"Wiener Str. 35, 94032 Passau",+49 851 3900,karriere@pfaffinger.com,www.pfaffinger.com,48.5734756,13.4943841,
119,Josef Rädlinger Ingenieurbau GmbH,Bau / Bauwesen,Windorf,"Josef-Rädlinger-Straße 1, 94575 Windorf",+49 9971 40037000,nathalie.hirmer@raedlinger.com,www.raedlinger.com,48.6666356,13.2553895,
120,Josef Zankl GmbH,Bau / Bauwesen,Viechtach,"Schmidstraße 28A, 94234 Viechtach",+49 9942 94210,info@bau-zankl.de,www.bau-zankl.de,49.0800534,12.872617,
121,Jungheinrich Moosburg AG & Co. KG,Maschinenbau,Moosburg,"Steinbockstraße 38, 85368 Moosburg a.d. Isar",+49 8761 801002,Carolin.Ramsauer@jungheinrich.de,jungheinrich.com/karriere,48.4729183,11.9419664,
122,Kaer GmbH - Arbeitsmedizin & Arbeitssicherheit,,München,"Posener Pl. 26, 81929 München",+49 89 96058997,helloyou@kaerhealth.com,www.kaerhealth.com,48.1484625,11.6441244,
123,Karl Bachl GmbH & Co. KG,Bau / Bauwesen,Röhrnbach,"Deching 3, 94133 Röhrnbach",+49 8582 180,karriere@bachl.de,www.bachl.de,48.7209673,13.541654,
124,Karl Gehringer GmbH & Co. Bau KG,Bau / Bauwesen,Pfarrkirchen,"Ringstraße 27, 84347 Pfarrkirchen",+49 8561 98560,info@gehringer-bau.de,www.gehringer-bau.de,48.4312436,12.9365141,
125,KARL-Gruppe,Immobilien / Energie / Bau,Hengersberg,"Industriestraße 5a, 94491 Hengersberg",+49 991 34477709,karriere@karl-gruppe.de,karl-gruppe.de,48.7619645,13.0569764,
126,Karl Lausser GmbH,Energie- und Gebäudetechnik,Pilgramsberg,"Hauptstraße 20, 94372 Pilgramsberg",+49 9964 650460,stephanie.mayer@lausser.de,lausser.de,49.0484438,12.5949384,
127,Kermi GmbH,Metallindustrie,Plattling,"Pankofen-Bahnhof 1, 94447 Plattling",+49 9931 501370,schabl.marion@kermi.de,kermi.com,48.8003722,12.894388,
128,Knauf Insulation GmbH,Baustoffe,Simbach am Inn,"Heraklithstraße 8, 84359 Simbach am Inn",+49 8571 400,,knauf.com,48.2568461,13.0066484,
129,Knorr-Bremse Systeme für Nutzfahrzeuge GmbH,Automobilindustrie,Aldersbach,"Knorrstraße 1, 94501 Aldersbach",+49 8543 309574,katherina.pawelzik@knorr-bremse.com,knorr-bremse.com,48.5914607,13.0943549,
130,Knürr GmbH,IT / Kontrollraumlösungen,Arnstorf,"Mariakirchener Str. 38, 94424 Arnstorf",+49 8723 280,karriere@knuerr.com,www.knuerr.com/de,48.5639118,12.8266489,
131,Krammer & Partner GmbH,IT / Dienstleistungen,Passau,"Kachletstraße 22, 94034 Passau",+49 851 886780,info@krammer-partner.de,krammer-partner.de,48.5819379,13.4101742,
132,Krinner GmbH,Baustoffe / Bauzulieferer,Straßkirchen,"Passauer Str. 55, 94342 Straßkirchen",+49 9424 94010,t.fritsch@krinner.com,krinner.com,48.8262266,12.7376129,
133,Kromberg & Schubert GmbH & Co. KG,Automobilzulieferer,Abensberg,"Werkstraße 1, 93326 Abensberg",+49 9443 770,karriere@ksab.kroschu.com,www.kromberg-schubert.com,48.8038994,11.87308,
134,Krones AG,Anlagen- und Maschinenbau,Neutraubling,"Böhmerwaldstraße 5, 93073 Neutraubling",+49 9401 704635,victoria.behme@krones.com,krones.com,48.9838975,12.1917882,
135,KulturCart,IT / E-Commerce / Dienstleistung,Pfarrkirchen,"Ringstraße 22, 84347 Pfarrkirchen",+49 1573 3369704,sales@kulturcart.de,www.kulturcart.de,48.4312436,12.9365141,
136,Laumer Bautechnik GmbH,Bau / Bauwesen,Massing,"Bahnhofstraße 8, 84323 Massing",+49 8724 880,stefanie.hartl@laumer.de,www.laumer.de,48.3934052,12.606582,
137,Laumer GmbH & Co. KG,Druckweiterverarbeitung,Pfarrkirchen,"Arno-Jacoby-Straße 9, 84347 Pfarrkirchen",+49 8561 96140,heiss@laumer-gmbh.de,www.laumer-gmbh.de,48.4205219,12.9409624,
138,Leipfinger-Bader GmbH,Baustoffe / Ziegelsteine,Mainburg,,,,,51.4323195,6.7707424,
139,Lidl Vertriebs GmbH & Co. KG Süd,Lebensmitteleinzelhandel,deutschlandweit,"Belgrader Str. 3, 94315 Straubing",+49 9421 184530,ausbildung.str@lidl.de,jobs.lidl.de,48.8994824,12.6524771,
140,Liebherr-Components Deggendorf GmbH,Bau / Bauwesen,Deggendorf,"Kreuzäcker 8, 94469 Deggendorf",+49 9931 89550,info.lho@liebherr.com,www.liebherr.com,48.8044599,12.8783749,
141,"Linde GmbH, Linde Engineering",Chemieindustrie / Anlagenbau,Pullach,"Dr.-Carl-von-Linde-Straße 6-14, 82049 Pullach",+49 89 74450,,www.linde-engineering.com,48.0427704,11.5142362,
142,Lindner Group KG,Baubranche,Arnstorf,"Bahnhofstraße 29, 94424 Arnstorf",+49 8723 208078,magdalena.gross@lindner-group.com,lindner-group.com,48.5621529,12.8110162,
143,Loibl Förderanlagen GmbH,Maschinenbau / Anlagenbau,Straubing,"Arberstraße 40, 94315 Straubing",+49 9421 925633,birgit.bloechl@loibl-group.com,loibl-group.com,48.8937426,12.6060023,
144,LupoTherm GmbH,Baustoffe,Handenberg (AT),"Gewerbering 1, 5144 Handenberg, Österreich",+43 7728 6261,info@LupoTherm.com,lupotherm.com,,,
145,Malmachen Gmbh,IT / Software,Deggendorf,"Ulrichsberger Str. 17, 94469 Deggendorf",+49 991 98363140,info@malma.ai,www.malma.ai,48.846773,12.9641314,
146,Maschinenfabrik Reinhausen GmbH,Energietechnik,Regensburg,"Falkensteinstraße 8, 93059 Regensburg",+49 941 40902721,s.schramowski@reinhausen.com,reinhausen.com,49.0324683,12.108525,
147,Max-Bögl Bauservice GmbH & Co. KG,Bau / Bauwesen,Sengenthal,"Max-Bögl-Straße 1, 92369 Sengenthal",+49 9181 90914688,mihelm@max-boegl.de,max-boegl.de,49.2118747,11.4517066,
148,Max Frank GmbH & Co. KG,Bauzulieferer,Leiblfing,"Mitterweg 1, 94339 Leiblfing",+49 9427 1890,bewerbung@maxfrank.de,maxfrank.com,48.770873,12.5086021,
149,MAX STREICHER GmbH & Co. KG aA,Bau / Bauwesen,Deggendorf,"Schwaigerbreite 17, 94469 Deggendorf",+49 991 330307,elisa.englmeier@streicher.de,streicher-perspektiven.de,48.837693,12.9476669,
150,MB Automation GmbH & Co. KG,Maschinenbau,Roding,"Josef-Mühlbauer-Platz 1, 93426 Roding",+49 9461 9520,career@muehlbauer.de,muehlbauer.de,49.2167651,12.5022031,
151,MDSystec GmbH,IT / Dienstleistungen,Mitterskirchen,"Fraundorf 9 c, 84335 Mitterskirchen",+49 8725 964910,hr@mdsystec.de,www.mdsystec.de,48.350448,12.7186569,
152,Medienservice Bettina Gschneidner,Marketing,Bad Birnbach,"Hofmark 13, 84364 Bad Birnbach",+49 8563 977996,,www.medienservice-bg.de,48.4433262,13.0929934,
153,Mercedes-Benz AG,,Esslingen-Mettingen,,,,,51.4323195,6.7707424,
154,Mesutronic GmbH,Metalldetektion,Kirchberg im Wald,"Hackenfeld 13, 94259 Kirchberg im Wald",+49 9927 94100,ausbildung@mesutronic.de,mesutronic.de,48.9022781,13.1931402,
155,MICRO-EPSILON Messtechnik GmbH & Co. KG,Messtechnik,Ortenburg,"Königbacher Str. 15, 94496 Ortenburg",+49 8542 1680,career@micro-epsilon.de,micro-epsilon.de/students,48.5291883,13.238049,
156,Mitterer Instandhaltungs- und Planungs-GmbH,Ingenieurbüro,Pfarrkirchen,"Bahnhofstraße 19, 84347 Pfarrkirchen",+49 8561 71421,florian.kroll@mip-ib.de,www.mip-ib.de,48.4302446,12.9387975,
157,MKS Architekten - Ingenieure GmbH,Ingenieurbüro / Architektur,Regensburg,"Watmarkt 7, 93047 Regensburg",+49 941 563522,bewerbung@mks-ai.de,www.mks-ai.de,49.0201642,12.0968126,
158,MobiMedia AG,IT / Software,Pfarrkirchen,"Doktor-Bachl-Straße 2, 84347 Pfarrkirchen",+49 8561 96160,info@mobimedia.de,www.mobimedia.de,,,
159,Motorenfabrik Hatz GmbH & Co. KG,Metall- und Elektroindustrie,Ruhstorf,"Ernst-Hatz-Straße 16, 94099 Ruhstorf",+49 8531 319120,a.heudecker@hatz.com,hatz.com,48.4341649,13.3345017,
160,msg,IT / Software,Ismaning,"Robert-Bürkle-Str. 1, 85570 Ismaning",+49 170 9156407,tabea.kern@msg.group,karriere.msg.group,48.2286645,11.6859654,
161,Mubea Aerostructures GmBH,Luftfahrt / Komponentenbau,Oberpfaffenhofen,"Friedrichshafener Str. 309, 82205 Gilching",+49 8153 305091,info@mubea.com,www.mubea.com,48.0921156,11.2860309,
162,Neulinger Bau GmbH,Bau / Bauwesen,Hofkirchen,"Gewerbepark Garham 6, 94544 Hofkirchen",+49 8541 969110,bewerbung@neulinger-bau.de,www.neulinger-bau.de,48.6865137,13.2046116,
163,Nui Care GmbH,IT / Software,München,"Schillerstraße 40, 80336 München",+49 89 21527276,info@nui.care,www.nui.care,48.1355007,11.560634,
164,Oberhaizinger GmbH,Bau / Innenausbau,Julbach,"Südstraße 10, 84387 Julbach",+49 8678 747770,oh@oberhaizinger.de,www.oberhaizinger.de,48.2483879,12.9197437,
165,Offgridtec GmbH,Energietechnik / Photovoltaik,Eggenfelden,"Im Gewerbepark 11, 84307 Eggenfelden",+49 8721 9199400,info@offgridtec.com,www.offgridtec.com,48.3933251,12.7608,
166,OnlineBuchungsService GmbH,Touristik,Regensburg,"Im Gewerbepark D80, 93059 Regensburg",+49 0941 46374849,jobs@obsg.de,www.online-buchung-service.de,49.0315508,12.129256,
167,Penzkofer Bau GmbH,Bau / Holzbau / Immobilien,Regen,"Straßfeld 20, 94209 Regen",+49 9921 88250,karriere@penzkofer.de,penzkofer.de,48.9785345,13.0876725,
168,Peter Kasberger Baustoff GmbH,Baustoffe / Bauzulieferer,Pfarrkirchen,"Arno-Jacoby-Straße 3, 84347 Pfarrkirchen",+49 8561 96100,karriere@kasberger.de,www.kasberger.de,48.4205219,12.9409624,
169,PIMCO Prime Real Estate GmbH (former: Allianz Real Estate),Beratung / Consulting,München,"Seidlstraße 24-24a, 80335 München",+49 89 38000,info@pimcopre.com,pimcoprimerealestate.com,48.1446518,11.5586209,
170,Pohmann Projektplanung und Bauleitung GmbH,Bau / Holzbau,Michelsneukirchen,"Schwaighof 4a, 93185 Michelsneukirchen",+49 9467 7129519,info@massivholz-planung.de,www.massivholz-planung.de,49.1182956,12.5276885,
171,PORR Industriebau GmbH,Bau / Bauwesen,Passau,"Dr.-Emil-Brichta-Straße 5, 94036 Passau",+49 151 62453612,thomas.haas@porr.de,porr.de/karriere,48.5560277,13.4144406,
172,PRO BAU Ingenieur- und Rohrleitungsbau GmbH,Rohrleitungsbau,Passau,"Rößlerhofweg 1, 94036 Passau",+49 851 886880,bewerbung@pro-bau-passau.com,www.pro-bau-passau.com,48.5578126,13.3788682,
173,Pröckl GmbH,Bau / Fassadenbau,Arnstorf,"Industriestraße 2, 94424 Arnstorf",+49 8723 3060,theresa.kappl@proeckl.de,www.proeckl.de,48.5615859,12.8252301,
174,Resorts Bad Griesbach,Hotellerie,Bad Griesbach,"Kurallee 1, 94086Bad Griesbach",+49 8532 7950,jobs@resorts-badgriesbach.com,www.resorts-badgriesbach.com,,,
175,R. Scheuchl GmbH,Maschinenbau / Anlagenbau,Ortenburg,"Königbacher Str. 17, 94496 Ortenburg",+49 8542 1650,bewerbung@scheuchl.de,scheuchl.de,48.5301503,13.2390243,
176,Robert Bosch GmbH,,Stuttgart,,,,,51.4323195,6.7707424,
177,Rohde & Schwarz GmbH & Co. KG - Werk Teisnach,Elektrotechnik,Teisnach,"Kaikenriederstraße 27, 94244 Teisnach",+49 9923 8572108,recruiting.teisnach@rohde-schwarz.com,rohde-schwarz.com,49.0333003,12.9977198,
178,Rosenhof Rehabilitationszentrum,Gesundheitswesen / Hotellerie,Bad Birnbach,"Brunnaderstraße 24, 84364 Bad Birnbach",+49 08563 980501,schunicht@Klinik-Rosenhof.de,www.klinik-rosenhof.de,48.4426049,13.0787173,
179,Rottal-Inn Kliniken,Gesundheitswesen / Krankenhaus,Eggenfelden,"Simonsöder Allee 20, 84307 Eggenfelden",+49 8721 9830,feldmeier.theresa@rottalinnkliniken.de,www.rottalinnkliniken.de,48.4133097,12.7600363,
180,RUBIX GmbH,Technischer Handel,Plattling,"Scheiblerstraße 3, 94447 Plattling",+49 9931 96080,sophia.baierl@rubix.com,rubix-karriere.de,48.7971234,12.884135,
181,Rücker und Schindele Beratende Ingenieure GmbH,Ingenieurdienstleistungen,München,"Kapellenweg 6, 81371 München",+49 89 767769336,bewerbung@runds.de,runds.de,48.1235612,11.5496016,
182,S² Beratende Ingenieure,Ingenieurberatung,Barbing,"Sarchinger Feld 1, 93092 Barbing",+49 9401 52840,team@s2bi.de,www.s2bi.de,49.003519,12.2158096,
183,Safran Passenger Innovations Germany GmbH,Luftfahrt / Militär,Gilching,"Friedrichshafener Str. 410, 82205 Gilching",,,www.safran-group.com,48.0903827,11.2910674,
184,Schaller Bau GmbH,Bau / Bauwesen,Deggendorf,"Altholzstraße 40, 94469 Deggendorf",+49 991 7733,jobs@schaller-bau.com,www.schaller-bau.com,48.8086632,12.9391688,
185,Schlagmann Poroton GmbH & Co. KG,Baustoffe,Zeilarn,"Ziegeleistraße 1, 84367 Zeilarn",+49 8572 170,info@schlagmann.de,www.schlagmann.de,48.2848673,12.9050702,
186,Schlemmer Prozess Systeme GmbH,Automatisierungstechnik,Deggendorf,"Greising 40, 94469 Deggendorf",+49 991 290960,info@sps-gmbh.de,sps-gmbh.de,48.8721072,13.028201,
187,SCHOTT AG Landshut,Spezialglas / Glaskeramik,Landshut,"Prof.-Schott-Str. 1, 84034 Landshut",+49 871 826365,nina.ernst@schott.com,schott.com,48.5410124,12.0933656,
188,Schütz GmbH & Co. KGaA,Verpackungssysteme,Simbach am Inn,"Heraklithstraße 1b, 84359 Simbach am Inn",+49 2626 771360,susanne.schneider@schuetz.net,www.schuetz.net,48.2583447,13.0117425,
189,SENNEBOGEN Maschinenfabrik GmbH,Maschinenbau,Straubing,"Hebbelstraße 30, 94315 Straubing",+49 9421 5400,onlinebewerbung@sennebogen.de,sennebogen.com/karriere,48.8760732,12.5815507,
190,SERKEM GmbH,IT / Dienstleistungen,Eging a. See,"Kollmering 14, 94535 Eging a. See",+49 8544 972600,bewerbung@serkem.de,serkem.de,48.704071,13.2787045,
191,Sesotec GmbH,Maschinenbau,Schönberg,"Regener Straße 130, 94513 Schönberg",+49 8554 3081840,sesotechr@sesotec.com,sesotec.com,48.8536089,13.3253607,
192,Siemens Healthineers Deutschland,,Erlangen,,,,,51.4323195,6.7707424,
193,Siltronic AG,Siliziumverarbeitung,Burghausen,"Johannes-Hess-Straße 24, 84489 Burghausen",+49 8677 9060,karriere@siltronic.com,www.siltronic.com,48.1745878,12.8389655,
194,Sixt GmbH & Co. Autovermietung KG,Verkehr / Tourismus,international,"Zugspitzstraße 1, 82049 Pullach",+49 89 744440,talents@sixt.com,sixt.jobs,48.0428431,11.5114948,
195,S. Grabmeier GmbH,Metallbau,Gangkofen,"Industriesiedlung 11, 84140 Gangkofen",+49 8722 965920,lena.geyer@sgrabmeier.de,www.sgrabmeier.de,48.4462487,12.5559502,
196,smart-plm Aigner GmbH & Co. KG,IT,Mitterskirchen,"Erlenweg 3, 84335 Mitterskirchen",+49 8725 966600,michaela.lehner@smart-plm.com,smart-plm.com,48.3454295,12.7272573,
197,Smurfit Westrock GmbH,Verpackungsbranche,Feucht,"Industriestraße 91, 90537 Feucht",+49 9128 406171,andrea.schug@smurfitwestrock.de,smurfitwestrock.com,49.3824653,11.2287026,
198,Sonplas GmbH,Sondermaschinenbau,Straubing,"Sachsenring 57, 94315 Straubing",+49 9421 92750,jobs@sonplas.de,sonplas.de,48.8802144,12.6048707,
199,Sonnenburg Electronic AG,Elektrotechnik,Eggenfelden,"Lauterbachstraße 45, 84307 Eggenfelden",+49 8721 95880,info@sonnenburg.de,www.sonnenburg.de,48.3981304,12.7496307,
200,Sonnleitner Holzbauwerke GmbH & Co. KG,Bau / Bauwesen,Ortenburg,"Afham 5, 94496 Ortenburg",+49 8542 96110,bewerbung@sonnleitner.de,www.sonnleitner.de,48.5339958,13.2162388,
201,Spitzenberger & Spies GmbH & Co. KG,Elektrotechnik,Viechtach,"Schmidstraße 32-34, 94234 Viechtach",+49 9942 9560,bewerbung@spitzenberger.de,spitzenberger.de,49.0797317,12.8728284,
202,Sport- & Wellneshotel Angerhof,Hotellerie,St. Englmar,"Am Anger 38, 94379 St. Englmar",+49 9965 1860,hotel@angerhof.de,www.angerhof.de,49.0021246,12.8322909,
203,Staatliches Bauamt Passau,Bau / Öffentlicher Dienst,Passau,"Am Schanzl 2, 94032 Passau",+49 851 50171919,bewerbungen@stbapa.bayern.de,stbapa.bayern.de,48.5751578,13.454952,
204,Stadtmarketing Regensburg e.V.,Marketing,Regensburg,"Wahlenstraße 17, 93047 Regensburg",+49 941 60096710,m.quast@stadtmarketing-regensburg.de,www.stadtmarketing-regensburg.de,49.019155,12.0956762,
205,Starkstrom-Gerätebau GmbH (SGB-SMIT Group),Elektrotechnik / Energietechnik,international,"Ohmstraße 10, 93055 Regensburg",+49 941 78410,annalena.ederer@sgb-smit.group,sgb-smit.com,48.9842865,12.1473337,
206,Stela Laxhuber GmbH,Maschinenbau,Massing,"Laxhuberplatz 1, 84323 Massing",+49 8724 8990,personal@stela.de,stela.de,48.4183976,12.6038323,
207,Stockner Solar,Energietechnik / Photovoltaik,Winhöring,"August-Unterholzner-Straße 22, 84543 Winhöring",+49 8671 9589836,info@stockner-solar.de,www.stockner-solar.de,48.2552059,12.6892092,
208,STRABAG AG,Straßenbau / Baukonzern,Burghausen,"Gewerbepark Lindach A 7, 84489 Burghausen",+49 8677 96740,,,48.1623294,12.8059733,
209,Strama-MPS Maschinenbau GmbH & Co. KG,Sondermaschinenbau,deutschlandweit,"Ittlinger Straße 195, 94315 Straubing",+49 9421 739312,susanne.solfrank@strama-mps.de,strama-mps.de/karriere,48.8854272,12.6127222,
210,Südluft Systemtechnik GmbH,Metallindustrie / Lüftungstechnik,Plattling,"Robert-Bosch-Str. 6, 94447 Plattling",+49 9931 9179544,studium@suedluft.de,suedluft.de,48.7987598,12.879756,
211,Swietelsky-Faber GmbH,Bau / Bauwesen,Freilassing,"Görlitzer Str. 9-11, 83395 Freilassing",+49 8654 77980,freilassing@swietelsky-faber.de,swietelsky-faber.com,47.8546968,12.9644828,
212,T.CON GmbH & Co. KG,IT / Dienstleistungen,Plattling,"Straubinger Str. 2, 94447 Plattling",+49 9931 981100,karriere@team-con.de,tcon.com,48.7857355,12.8540856,
213,Tebis Technische Informationssysteme AG,IT / Software,München,"Einsteinstraße 39, 82152 Planegg",+49 89 818030,bewerbung@tebis.com,www.tebis.com,48.1041099,11.4441047,
214,Techniker Krankenkasse,Krankenversicherung,deutschlandweit,"Am BioPark 13, 93053 Regensburg",+49 151 14534805,eugen.theurer@tk.de,tk.de,48.9958338,12.0989591,
215,Technologie-Zentrum Energie - HS Landshut,Energietechnik,Ruhrstorf a. d. Rott,"Wiesenweg 1, 94099 Ruhstorf an der Rott",+49 8531 9140440,,www.haw-landshut.de,48.4345371,13.3423907,
216,Thyracont Vacuum Instruments GmbH,Elektronik / Vakuummesstechnik,Passau,"Max-Emanuel-Str. 10, 94036 Passau",+49 851 959860,info@thyracont.de,thyracont.de,48.5661485,13.4070129,
217,TUI ReiseCenter,Touristik,Eggenfelden,"Spitalpl. 2, 84307 Eggenfelden",+49 8721 12550,eggenfelden1@tui-reisecenter.de,https://careers.tuigroup.com/de,48.4016857,12.7624978,
218,TÜV SÜD Gruppe,Technische Dienstleistungen,international,"Westendstraße 199, 80686 München",+49 89 57912619,jobs@tuvsud.com,tuvsud.com,48.1328685,11.5210888,
219,Unterreiner Forstgeräte GmbH,Sondermaschinenbau / Forstmaschinen,Julbach,"Bahnweg 1-3, 84387 Julbach",+49 8678 74940,jobs@unterreiner.eu,www.unterreiner.eu,48.2500253,12.9201693,
220,UAS Messtechnik GmbH,Engineering,Viechtach,"Prof.-Hermann-Staudinger-Str. 4, 94234 Viechtach",+49 9942 94860,personal@uas.de,uas.de/karriere,49.0694238,12.8822332,
221,U.T.E. Ingenieur GmbH,Ingenieurdienstleistungen,Regensburg,"Dr.-Leo-Ritter-Straße 7, 93049 Regensburg",+49 941 46448740,,www.utegmbh.de,49.0156584,12.0565507,
222,VDI e. V.,Ingenieurwesen / Netzwerk,deutschlandweit,"VDI-Platz 1, 40468 Düsseldorf",+49 211 6214600,nakoetter@vdi.de,vdi.de,51.2752046,6.7685529,
223,VERBUND Innkraftwerke GmbH und Grenzkraftwerke GmbH,,Simbach am Inn,"Innstraße 20, 84513 Töging am Inn",,office.hpr@verbund.com,https://www.verbund.com/de,48.2526532,12.5911551,
224,Wadle Bauunternehmung,Bau / Bauwesen,Essenbach,"Oskar-von-Miller-Straße 8, 84051 Essenbach",+49 8703 93980,wadle.altheim@wadle.de,www.wadle.de,48.5865981,12.1972035,
225,Walter Bauer GmbH & Co. KG,Bau / Bauwesen,Runding,"Industriestraße 1, 93486 Runding",+49 9971 995160,personal@wb-bauer.de,www.wb-bauer.de,49.2210134,12.7360282,
226,Wasserwirtschaftsamt Deggendorf,Behörde / Umwelt,Deggendorf,"Detterstraße 20, 94469 Deggendorf",+49 991 25040,poststelle@wwa-deg.bayern.de,wwa-deg.bayern.de,48.8397031,12.9536938,
227,Wayss & Freytag Ingenieurbau AG,Baubranche,Passau,"Heesenstraße 31, 40549 Düsseldorf",+49 172 3579906,thomas.alexander@wf-ib.de,karriere.wf-ib.de,51.2297928,6.7141715,
228,Weiss Elektrotechnik GmbH,Energietechnik / Transformatoren,Johanniskirchen,"Hofmarkstraße 2, 84381 Johanniskirchen",+49 8564 962990,karriere@weiss-trafo.de,www.weiss-trafo.de,48.5280369,12.9444324,
229,WIGES Wasserbauliche Infrastrukturgesellschaft mbH,Bau / Bauwesen,Deggendorf,"Blutenburgstraße 20, 80636 München",+49 89 99222320,dominik.zehatschek@wiges-gmbh.de,wiges-gmbh.de,48.1480387,11.5496648,
230,Wirtschaftsförderungsgesellschaft Landkreis Cham mbH,Netzwerk / Mechatronik,Cham,"Rachelstraße 6, 93413 Cham",+49 9971 78440,mcnetz@lra.landkreis-cham.de,www.mc-netz.de,49.2253342,12.6716979,
231,Wolf Ingenieurbüro GmbH,Ingenieurdienstleistungen,Grafenau,"Freudenhain 10, 94481 Grafenau",+49 8555 96020,info@ibwolf.com,www.ibwolf.com,48.8008091,13.3881422,
232,Wolf GmbH,Energietechnik / Wärmepumpen,Mainburg,,,,,51.4323195,6.7707424,
233,Wolf System GmbH,Bausysteme,Osterhofen,"Am Stadtwald 20, 94486 Osterhofen",+49 9932 370,karriere@wolfsystem.de,www.wolfsystem.de,48.6980656,13.0064012,
234,ZECH Bau SE,Bau / Bauwesen,Germering,"Gabriele-Münter-Straße 1, 82110 Germering",,Lbaumann@zechbau.de,www.zechbau.de,48.1297718,11.36679,
235,Zentrum für Akademische Weiterbildung - THD,Weiterbildung,Deggendorf,"Dieter-Görlitz-Platz 1, 94469 Deggendorf",+49 991 3615425,peter.apfelbeck@th-deg.de,th-deg.de/weiterbildung,48.8295544,12.954735,
236,Zentrum für Entrepreneurship - Startup Campus THD,Startups / Entrepreneurship,Deggendorf,"Dieter-Görlitz-Platz 1, 94469 Deggendorf",+49 991 3615593,startupcampus@th-deg.de,th-deg.de/existenzgruendung,48.8295544,12.954735,
237,Zimmerei Hermann Moser,Bau / Holzbau,Pfarrkirchen,"Gambacher Weg 1, 84347 Pfarrkirchen",+49 8561 9877930,info@zimmerei-moser.de,www.zimmerei-moser.de,48.4325499,12.9222095,
238,Zimmerei Franz Edmeier,Bau / Holzbau,Pfarrkirchen,"Altersham 53, 84347 Pfarrkirchen",+49 8561 983330,info@zimmerei-edmaier.de,www.zimmerei-edmaier.de,48.4127807,12.948854,
239,Zollner Elektronik AG,Elektrotechnik,Zandt,"Manfred-Zollner-Str. 1, 93499 Zandt",+49 9944 2018688,thomas.wiederer@zollner.de,zollner.de,49.158286,12.729977,
240,Zwiesel Fortessa AG,Industrie,Zwiesel,"Dr.-Schott-Str. 35, 94227 Zwiesel",+49 9922 98157,s.lemberger@zfg-de.com,zwieselfortessa.com,49.0175562,13.2280204,
